,sum_main,len_main,avg_main,sum_20,len_20,avg_20,sum_5,len_5,avg_5,number_20_average,number_5_average,user_avg,algo_avg,algo_avg_True,user_avg_True,algo_avg_False,user_avg_False,user_avg_5,algo_avg_5,algo_avg_5_True,user_avg_5_True,algo_avg_5_False,user_avg_5_False,user_avg_no_skip,algo_avg_no_skip,algo_avg_no_skip_True,user_avg_no_skip_True,algo_avg_no_skip_False,user_avg_no_skip_False,ws,algo,num_clus
0,0,28,0.0,0,560,0.0,0,140,0.0,0.0,0.0,100.0,100.0,0.0,0.0,100.0,100.0,100.0,100.0,0.0,0.0,100.0,100.0,100.0,100.0,0.0,0.0,100.0,100.0,10,DBSCAN,2
1,0,28,0.0,0,560,0.0,0,140,0.0,0.0,0.0,100.0,100.0,0.0,0.0,100.0,100.0,100.0,100.0,0.0,0.0,100.0,100.0,100.0,100.0,0.0,0.0,100.0,100.0,20,DBSCAN,2
2,0,28,0.0,0,560,0.0,0,140,0.0,0.0,0.0,100.0,100.0,0.0,0.0,100.0,100.0,100.0,100.0,0.0,0.0,100.0,100.0,100.0,100.0,0.0,0.0,100.0,100.0,10,DBSCAN,3
3,0,28,0.0,0,560,0.0,0,140,0.0,0.0,0.0,100.0,100.0,0.0,0.0,100.0,100.0,100.0,100.0,0.0,0.0,100.0,100.0,100.0,100.0,0.0,0.0,100.0,100.0,20,DBSCAN,3
4,0,28,0.0,1,560,0.0017857142857142857,0,140,0.0,0.0017857142857142859,0.0,99.88520408163265,100.0,0.0,0.0,100.0,99.88520408163265,99.88520408163265,100.0,0.0,0.0,100.0,99.88520408163265,99.88520408163265,100.0,0.0,0.0,100.0,99.88520408163265,10,DBSCAN,4
5,0,28,0.0,0,560,0.0,0,140,0.0,0.0,0.0,100.0,100.0,0.0,0.0,100.0,100.0,100.0,100.0,0.0,0.0,100.0,100.0,100.0,100.0,0.0,0.0,100.0,100.0,20,DBSCAN,4
6,0,28,0.0,1,560,0.0017857142857142857,0,140,0.0,0.0017857142857142859,0.0,99.88520408163265,100.0,0.0,0.0,100.0,99.88520408163265,99.88520408163265,100.0,0.0,0.0,100.0,99.88520408163265,99.88520408163265,100.0,0.0,0.0,100.0,99.88520408163265,10,DBSCAN,5
7,0,28,0.0,2,560,0.0035714285714285713,1,140,0.007142857142857143,0.0035714285714285718,0.0071428571428571435,99.4387755102041,99.28571428571429,0.0,0.0,99.28571428571429,99.4387755102041,99.4387755102041,99.28571428571429,0.0,0.0,99.28571428571429,99.4387755102041,99.4387755102041,99.28571428571429,0.0,0.0,99.28571428571429,99.4387755102041,20,DBSCAN,5
8,3,28,0.10714285714285714,57,560,0.10178571428571428,10,140,0.07142857142857142,0.10178571428571427,0.07142857142857142,87.27253401360545,88.45238095238095,38.888888888888886,46.92460317460318,94.39999999999999,92.11428571428571,84.73214285714286,86.42857142857142,20.000000000000004,23.214285714285715,94.39999999999999,92.11428571428571,84.73214285714286,86.42857142857142,20.000000000000004,23.214285714285715,94.39999999999999,92.11428571428571,10,DBSCAN,6
9,0,28,0.0,1,560,0.0017857142857142857,0,140,0.0,0.0017857142857142859,0.0,99.93622448979592,100.0,0.0,0.0,100.0,99.93622448979592,99.93622448979592,100.0,0.0,0.0,100.0,99.93622448979592,99.93622448979592,100.0,0.0,0.0,100.0,99.93622448979592,20,DBSCAN,6
10,0,28,0.0,1,560,0.0017857142857142857,1,140,0.007142857142857143,0.0017857142857142859,0.0071428571428571435,99.36224489795919,99.28571428571429,0.0,0.0,99.28571428571429,99.36224489795919,99.36224489795919,99.28571428571429,0.0,0.0,99.28571428571429,99.36224489795919,99.36224489795919,99.28571428571429,0.0,0.0,99.28571428571429,99.36224489795919,10,DBSCAN,7
11,0,28,0.0,1,560,0.0017857142857142857,0,140,0.0,0.0017857142857142859,0.0,99.93622448979592,100.0,0.0,0.0,100.0,99.93622448979592,99.93622448979592,100.0,0.0,0.0,100.0,99.93622448979592,99.93622448979592,100.0,0.0,0.0,100.0,99.93622448979592,20,DBSCAN,7
12,3,28,0.10714285714285714,73,560,0.13035714285714287,11,140,0.07857142857142857,0.13035714285714287,0.07857142857142858,83.90518707482994,87.14285714285714,33.33333333333333,40.37698412698413,93.6,89.12857142857142,82.33418367346938,85.71428571428571,20.000000000000004,25.71428571428571,93.6,89.12857142857142,82.33418367346938,85.71428571428571,20.000000000000004,25.71428571428571,93.6,89.12857142857142,10,DBSCAN,8
13,0,28,0.0,2,560,0.0035714285714285713,0,140,0.0,0.0035714285714285718,0.0,99.56632653061224,100.0,0.0,0.0,100.0,99.56632653061224,99.56632653061224,100.0,0.0,0.0,100.0,99.56632653061224,99.56632653061224,100.0,0.0,0.0,100.0,99.56632653061224,20,DBSCAN,8
14,3,28,0.10714285714285714,74,560,0.13214285714285715,12,140,0.08571428571428572,0.13214285714285715,0.08571428571428573,83.44600340136054,86.42857142857142,33.33333333333333,40.37698412698413,92.8,88.6142857142857,81.87499999999999,84.99999999999999,20.000000000000004,25.71428571428571,92.8,88.6142857142857,81.87499999999999,84.99999999999999,20.000000000000004,25.71428571428571,92.8,88.6142857142857,10,DBSCAN,9
15,0,28,0.0,2,560,0.0035714285714285713,0,140,0.0,0.0035714285714285718,0.0,99.56632653061224,100.0,0.0,0.0,100.0,99.56632653061224,99.56632653061224,100.0,0.0,0.0,100.0,99.56632653061224,99.56632653061224,100.0,0.0,0.0,100.0,99.56632653061224,20,DBSCAN,9
16,3,28,0.10714285714285714,89,560,0.15892857142857142,12,140,0.08571428571428572,0.1589285714285714,0.08571428571428573,83.02189625850342,86.13095238095238,30.555555555555554,37.84722222222222,92.8,88.44285714285715,81.73469387755102,84.99999999999999,20.000000000000004,25.83333333333333,92.8,88.44285714285715,81.73469387755102,84.99999999999999,20.000000000000004,25.83333333333333,92.8,88.44285714285715,10,DBSCAN,10
17,0,28,0.0,4,560,0.007142857142857143,0,140,0.0,0.0071428571428571435,0.0,99.8341836734694,100.0,0.0,0.0,100.0,99.8341836734694,99.8341836734694,100.0,0.0,0.0,100.0,99.8341836734694,99.8341836734694,100.0,0.0,0.0,100.0,99.8341836734694,20,DBSCAN,10
18,3,28,0.10714285714285714,93,560,0.16607142857142856,12,140,0.08571428571428572,0.16607142857142856,0.08571428571428573,82.95812074829934,86.13095238095238,30.555555555555554,37.84722222222222,92.8,88.37142857142857,81.67091836734693,84.99999999999999,20.000000000000004,25.83333333333333,92.8,88.37142857142857,81.67091836734693,84.99999999999999,20.000000000000004,25.83333333333333,92.8,88.37142857142857,10,DBSCAN,11
19,17,28,0.6071428571428571,258,560,0.4607142857142857,84,140,0.6,0.4607142857142857,0.5999999999999999,61.19897959183673,69.28571428571429,74.11764705882354,62.815126050420155,61.818181818181806,58.70129870129871,61.19897959183673,69.28571428571429,74.11764705882354,62.815126050420155,61.818181818181806,58.70129870129871,61.19897959183673,69.28571428571429,74.11764705882354,62.815126050420155,61.818181818181806,58.70129870129871,20,DBSCAN,11
20,3,28,0.10714285714285714,94,560,0.16785714285714284,12,140,0.08571428571428572,0.16785714285714284,0.08571428571428573,82.90710034013605,86.13095238095238,30.555555555555554,37.84722222222222,92.8,88.31428571428572,81.61989795918367,84.99999999999999,20.000000000000004,25.83333333333333,92.8,88.31428571428572,81.61989795918367,84.99999999999999,20.000000000000004,25.83333333333333,92.8,88.31428571428572,10,DBSCAN,12
21,17,28,0.6071428571428571,253,560,0.4517857142857143,83,140,0.5928571428571429,0.4517857142857143,0.5928571428571429,60.40816326530612,68.57142857142858,72.94117647058825,61.491596638655466,61.818181818181806,58.73376623376624,60.40816326530612,68.57142857142858,72.94117647058825,61.491596638655466,61.818181818181806,58.73376623376624,60.40816326530612,68.57142857142858,72.94117647058825,61.491596638655466,61.818181818181806,58.73376623376624,20,DBSCAN,12
22,1,28,0.03571428571428571,2,560,0.0035714285714285713,1,140,0.007142857142857143,0.0035714285714285718,0.0071428571428571435,99.17091836734694,100.0,100.0,89.28571428571429,100.0,99.53703703703705,96.61989795918367,97.14285714285714,20.0,17.857142857142858,100.0,99.53703703703705,96.61989795918367,97.14285714285714,20.0,17.857142857142858,100.0,99.53703703703705,10,DBSCAN,13
23,17,28,0.6071428571428571,249,560,0.4446428571428571,83,140,0.5928571428571429,0.4446428571428572,0.5928571428571429,60.357142857142854,68.57142857142858,72.94117647058825,61.40756302521009,61.818181818181806,58.73376623376624,60.357142857142854,68.57142857142858,72.94117647058825,61.40756302521009,61.818181818181806,58.73376623376624,60.357142857142854,68.57142857142858,72.94117647058825,61.40756302521009,61.818181818181806,58.73376623376624,20,DBSCAN,13
24,1,28,0.03571428571428571,2,560,0.0035714285714285713,1,140,0.007142857142857143,0.0035714285714285718,0.0071428571428571435,99.17091836734694,100.0,100.0,89.28571428571429,100.0,99.53703703703705,96.61989795918367,97.14285714285714,20.0,17.857142857142858,100.0,99.53703703703705,96.61989795918367,97.14285714285714,20.0,17.857142857142858,100.0,99.53703703703705,10,DBSCAN,14
25,16,28,0.5714285714285714,239,560,0.42678571428571427,78,140,0.5571428571428572,0.4267857142857143,0.5571428571428572,59.910714285714285,67.14285714285715,70.0,60.066964285714285,63.33333333333332,59.70238095238096,59.910714285714285,67.14285714285715,70.0,60.066964285714285,63.33333333333332,59.70238095238096,59.910714285714285,67.14285714285715,70.0,60.066964285714285,63.33333333333332,59.70238095238096,20,DBSCAN,14
26,1,28,0.03571428571428571,2,560,0.0035714285714285713,1,140,0.007142857142857143,0.0035714285714285718,0.0071428571428571435,99.17091836734694,100.0,100.0,89.28571428571429,100.0,99.53703703703705,96.61989795918367,97.14285714285714,20.0,17.857142857142858,100.0,99.53703703703705,96.61989795918367,97.14285714285714,20.0,17.857142857142858,100.0,99.53703703703705,10,DBSCAN,15
27,0,28,0.0,0,560,0.0,0,140,0.0,0.0,0.0,100.0,100.0,0.0,0.0,100.0,100.0,100.0,100.0,0.0,0.0,100.0,100.0,100.0,100.0,0.0,0.0,100.0,100.0,20,DBSCAN,15
28,1,28,0.03571428571428571,11,560,0.019642857142857142,3,140,0.02142857142857143,0.019642857142857146,0.021428571428571432,97.66581632653063,98.57142857142858,100.0,98.21428571428571,98.51851851851853,97.64550264550265,94.85969387755102,95.71428571428572,20.0,19.642857142857142,98.51851851851853,97.64550264550265,94.85969387755102,95.71428571428572,20.0,19.642857142857142,98.51851851851853,97.64550264550265,10,DBSCAN,16
29,16,28,0.5714285714285714,216,560,0.38571428571428573,75,140,0.5357142857142857,0.38571428571428573,0.5357142857142857,57.86564625850339,67.85714285714286,70.0,56.01934523809524,64.99999999999999,60.32738095238095,56.989795918367335,66.42857142857143,67.5,54.486607142857146,64.99999999999999,60.32738095238095,56.989795918367335,66.42857142857143,67.5,54.486607142857146,64.99999999999999,60.32738095238095,20,DBSCAN,16
30,1,28,0.03571428571428571,11,560,0.019642857142857142,3,140,0.02142857142857143,0.019642857142857146,0.021428571428571432,97.66581632653063,98.57142857142858,100.0,98.21428571428571,98.51851851851853,97.64550264550265,94.85969387755102,95.71428571428572,20.0,19.642857142857142,98.51851851851853,97.64550264550265,94.85969387755102,95.71428571428572,20.0,19.642857142857142,98.51851851851853,97.64550264550265,10,DBSCAN,17
31,16,28,0.5714285714285714,209,560,0.3732142857142857,74,140,0.5285714285714286,0.3732142857142858,0.5285714285714286,57.942176870748305,68.57142857142857,70.0,55.70684523809524,66.66666666666666,60.92261904761905,57.066326530612244,67.14285714285715,67.5,54.17410714285714,66.66666666666666,60.92261904761905,57.066326530612244,67.14285714285715,67.5,54.17410714285714,66.66666666666666,60.92261904761905,20,DBSCAN,17
32,1,28,0.03571428571428571,10,560,0.017857142857142856,3,140,0.02142857142857143,0.017857142857142856,0.021428571428571432,97.67857142857143,98.57142857142858,100.0,98.21428571428571,98.51851851851853,97.65873015873015,94.87244897959185,95.71428571428572,20.0,19.642857142857142,98.51851851851853,97.65873015873015,94.87244897959185,95.71428571428572,20.0,19.642857142857142,98.51851851851853,97.65873015873015,10,DBSCAN,18
33,14,28,0.5,208,560,0.37142857142857144,73,140,0.5214285714285715,0.37142857142857144,0.5214285714285715,58.50340136054422,70.71428571428572,74.28571428571429,56.955782312925166,67.14285714285715,60.05102040816325,57.62755102040815,69.28571428571429,71.42857142857143,55.20408163265304,67.14285714285715,60.05102040816325,57.62755102040815,69.28571428571429,71.42857142857143,55.20408163265304,67.14285714285715,60.05102040816325,20,DBSCAN,18
34,1,28,0.03571428571428571,10,560,0.017857142857142856,3,140,0.02142857142857143,0.017857142857142856,0.021428571428571432,97.67857142857143,98.57142857142858,100.0,98.21428571428571,98.51851851851853,97.65873015873015,94.87244897959185,95.71428571428572,20.0,19.642857142857142,98.51851851851853,97.65873015873015,94.87244897959185,95.71428571428572,20.0,19.642857142857142,98.51851851851853,97.65873015873015,10,DBSCAN,19
35,13,28,0.4642857142857143,196,560,0.35,71,140,0.5071428571428571,0.35000000000000003,0.5071428571428572,58.52891156462585,71.42857142857144,75.3846153846154,56.08974358974359,68.0,60.642857142857146,57.6530612244898,70.0,72.3076923076923,54.2032967032967,68.0,60.642857142857146,57.6530612244898,70.0,72.3076923076923,54.2032967032967,68.0,60.642857142857146,20,DBSCAN,19
36,0,28,0.0,6,560,0.010714285714285714,2,140,0.014285714285714285,0.010714285714285714,0.014285714285714287,98.59693877551022,98.57142857142858,0.0,0.0,98.57142857142858,98.59693877551022,98.59693877551022,98.57142857142858,0.0,0.0,98.57142857142858,98.59693877551022,98.59693877551022,98.57142857142858,0.0,0.0,98.57142857142858,98.59693877551022,10,DBSCAN,20
37,13,28,0.4642857142857143,191,560,0.3410714285714286,70,140,0.5,0.3410714285714286,0.5000000000000001,58.36309523809524,70.71428571428572,73.84615384615384,54.74358974358974,68.0,61.5,57.48724489795919,69.28571428571429,70.76923076923077,52.85714285714286,68.0,61.5,57.48724489795919,69.28571428571429,70.76923076923077,52.85714285714286,68.0,61.5,20,DBSCAN,20
38,15,28,0.5357142857142857,230,560,0.4107142857142857,49,140,0.35,0.41071428571428564,0.35,58.45663265306121,67.14285714285715,52.0,49.76190476190476,84.61538461538461,68.48901098901098,58.45663265306121,67.14285714285715,52.0,49.76190476190476,84.61538461538461,68.48901098901098,58.45663265306121,67.14285714285715,52.0,49.76190476190476,84.61538461538461,68.48901098901098,10,DBSCAN,100
39,28,28,1.0,560,560,1.0,140,140,1.0,1.0,1.0,100.0,100.0,100.0,100.0,0.0,0.0,100.0,100.0,100.0,100.0,0.0,0.0,100.0,100.0,100.0,100.0,0.0,0.0,20,DBSCAN,100
40,15,28,0.5357142857142857,232,560,0.4142857142857143,50,140,0.35714285714285715,0.41428571428571426,0.3571428571428572,58.4311224489796,67.85714285714288,53.333333333333336,49.78571428571429,84.61538461538461,68.4065934065934,58.4311224489796,67.85714285714288,53.333333333333336,49.78571428571429,84.61538461538461,68.4065934065934,58.4311224489796,67.85714285714288,53.333333333333336,49.78571428571429,84.61538461538461,68.4065934065934,10,DBSCAN,101
41,28,28,1.0,560,560,1.0,140,140,1.0,1.0,1.0,100.0,100.0,100.0,100.0,0.0,0.0,100.0,100.0,100.0,100.0,0.0,0.0,100.0,100.0,100.0,100.0,0.0,0.0,20,DBSCAN,101
42,16,28,0.5714285714285714,244,560,0.4357142857142857,53,140,0.37857142857142856,0.4357142857142856,0.37857142857142856,57.75510204081632,69.28571428571428,56.250000000000014,50.95982142857143,86.66666666666667,66.81547619047618,57.75510204081632,69.28571428571428,56.250000000000014,50.95982142857143,86.66666666666667,66.81547619047618,57.75510204081632,69.28571428571428,56.250000000000014,50.95982142857143,86.66666666666667,66.81547619047618,10,DBSCAN,102
43,28,28,1.0,560,560,1.0,140,140,1.0,1.0,1.0,100.0,100.0,100.0,100.0,0.0,0.0,100.0,100.0,100.0,100.0,0.0,0.0,100.0,100.0,100.0,100.0,0.0,0.0,20,DBSCAN,102
44,16,28,0.5714285714285714,244,560,0.4357142857142857,53,140,0.37857142857142856,0.4357142857142856,0.37857142857142856,57.75510204081632,69.28571428571428,56.250000000000014,50.95982142857143,86.66666666666667,66.81547619047618,57.75510204081632,69.28571428571428,56.250000000000014,50.95982142857143,86.66666666666667,66.81547619047618,57.75510204081632,69.28571428571428,56.250000000000014,50.95982142857143,86.66666666666667,66.81547619047618,10,DBSCAN,103
45,28,28,1.0,560,560,1.0,140,140,1.0,1.0,1.0,100.0,100.0,100.0,100.0,0.0,0.0,100.0,100.0,100.0,100.0,0.0,0.0,100.0,100.0,100.0,100.0,0.0,0.0,20,DBSCAN,103
46,16,28,0.5714285714285714,249,560,0.4446428571428571,55,140,0.39285714285714285,0.4446428571428571,0.3928571428571429,58.12499999999999,69.28571428571428,57.50000000000001,51.60714285714286,85.0,66.81547619047618,58.12499999999999,69.28571428571428,57.50000000000001,51.60714285714286,85.0,66.81547619047618,58.12499999999999,69.28571428571428,57.50000000000001,51.60714285714286,85.0,66.81547619047618,10,DBSCAN,104
47,28,28,1.0,560,560,1.0,140,140,1.0,1.0,1.0,100.0,100.0,100.0,100.0,0.0,0.0,100.0,100.0,100.0,100.0,0.0,0.0,100.0,100.0,100.0,100.0,0.0,0.0,20,DBSCAN,104
48,16,28,0.5714285714285714,250,560,0.44642857142857145,56,140,0.4,0.44642857142857134,0.4,57.99744897959184,68.57142857142857,57.50000000000001,51.60714285714286,83.33333333333334,66.51785714285714,57.99744897959184,68.57142857142857,57.50000000000001,51.60714285714286,83.33333333333334,66.51785714285714,57.99744897959184,68.57142857142857,57.50000000000001,51.60714285714286,83.33333333333334,66.51785714285714,10,DBSCAN,105
49,28,28,1.0,560,560,1.0,140,140,1.0,1.0,1.0,100.0,100.0,100.0,100.0,0.0,0.0,100.0,100.0,100.0,100.0,0.0,0.0,100.0,100.0,100.0,100.0,0.0,0.0,20,DBSCAN,105
50,16,28,0.5714285714285714,254,560,0.45357142857142857,57,140,0.40714285714285714,0.45357142857142857,0.40714285714285714,57.85714285714286,67.85714285714286,57.50000000000001,51.85267857142858,81.66666666666667,65.86309523809524,57.85714285714286,67.85714285714286,57.50000000000001,51.85267857142858,81.66666666666667,65.86309523809524,57.85714285714286,67.85714285714286,57.50000000000001,51.85267857142858,81.66666666666667,65.86309523809524,10,DBSCAN,106
51,28,28,1.0,560,560,1.0,140,140,1.0,1.0,1.0,100.0,100.0,100.0,100.0,0.0,0.0,100.0,100.0,100.0,100.0,0.0,0.0,100.0,100.0,100.0,100.0,0.0,0.0,20,DBSCAN,106
52,16,28,0.5714285714285714,254,560,0.45357142857142857,57,140,0.40714285714285714,0.45357142857142857,0.40714285714285714,57.85714285714286,67.85714285714286,57.50000000000001,51.85267857142858,81.66666666666667,65.86309523809524,57.85714285714286,67.85714285714286,57.50000000000001,51.85267857142858,81.66666666666667,65.86309523809524,57.85714285714286,67.85714285714286,57.50000000000001,51.85267857142858,81.66666666666667,65.86309523809524,10,DBSCAN,107
53,28,28,1.0,560,560,1.0,140,140,1.0,1.0,1.0,100.0,100.0,100.0,100.0,0.0,0.0,100.0,100.0,100.0,100.0,0.0,0.0,100.0,100.0,100.0,100.0,0.0,0.0,20,DBSCAN,107
54,16,28,0.5714285714285714,255,560,0.45535714285714285,57,140,0.40714285714285714,0.45535714285714285,0.40714285714285714,57.86989795918368,67.85714285714286,57.50000000000001,51.87500000000001,81.66666666666667,65.86309523809524,57.86989795918368,67.85714285714286,57.50000000000001,51.87500000000001,81.66666666666667,65.86309523809524,57.86989795918368,67.85714285714286,57.50000000000001,51.87500000000001,81.66666666666667,65.86309523809524,10,DBSCAN,108
55,28,28,1.0,560,560,1.0,140,140,1.0,1.0,1.0,100.0,100.0,100.0,100.0,0.0,0.0,100.0,100.0,100.0,100.0,0.0,0.0,100.0,100.0,100.0,100.0,0.0,0.0,20,DBSCAN,108
56,16,28,0.5714285714285714,255,560,0.45535714285714285,57,140,0.40714285714285714,0.45535714285714285,0.40714285714285714,57.86989795918368,67.85714285714286,57.50000000000001,51.87500000000001,81.66666666666667,65.86309523809524,57.86989795918368,67.85714285714286,57.50000000000001,51.87500000000001,81.66666666666667,65.86309523809524,57.86989795918368,67.85714285714286,57.50000000000001,51.87500000000001,81.66666666666667,65.86309523809524,10,DBSCAN,109
57,28,28,1.0,560,560,1.0,140,140,1.0,1.0,1.0,100.0,100.0,100.0,100.0,0.0,0.0,100.0,100.0,100.0,100.0,0.0,0.0,100.0,100.0,100.0,100.0,0.0,0.0,20,DBSCAN,109
58,16,28,0.5714285714285714,256,560,0.45714285714285713,57,140,0.40714285714285714,0.4571428571428572,0.40714285714285714,58.07397959183673,67.85714285714286,57.50000000000001,52.23214285714286,81.66666666666667,65.86309523809524,58.07397959183673,67.85714285714286,57.50000000000001,52.23214285714286,81.66666666666667,65.86309523809524,58.07397959183673,67.85714285714286,57.50000000000001,52.23214285714286,81.66666666666667,65.86309523809524,10,DBSCAN,110
59,28,28,1.0,560,560,1.0,140,140,1.0,1.0,1.0,100.0,100.0,100.0,100.0,0.0,0.0,100.0,100.0,100.0,100.0,0.0,0.0,100.0,100.0,100.0,100.0,0.0,0.0,20,DBSCAN,110
60,16,28,0.5714285714285714,256,560,0.45714285714285713,57,140,0.40714285714285714,0.4571428571428572,0.40714285714285714,58.07397959183673,67.85714285714286,57.50000000000001,52.23214285714286,81.66666666666667,65.86309523809524,58.07397959183673,67.85714285714286,57.50000000000001,52.23214285714286,81.66666666666667,65.86309523809524,58.07397959183673,67.85714285714286,57.50000000000001,52.23214285714286,81.66666666666667,65.86309523809524,10,DBSCAN,111
61,28,28,1.0,560,560,1.0,140,140,1.0,1.0,1.0,100.0,100.0,100.0,100.0,0.0,0.0,100.0,100.0,100.0,100.0,0.0,0.0,100.0,100.0,100.0,100.0,0.0,0.0,20,DBSCAN,111
62,16,28,0.5714285714285714,257,560,0.4589285714285714,57,140,0.40714285714285714,0.4589285714285714,0.40714285714285714,58.022959183673464,67.85714285714286,57.50000000000001,52.23214285714286,81.66666666666667,65.7440476190476,58.022959183673464,67.85714285714286,57.50000000000001,52.23214285714286,81.66666666666667,65.7440476190476,58.022959183673464,67.85714285714286,57.50000000000001,52.23214285714286,81.66666666666667,65.7440476190476,10,DBSCAN,112
63,28,28,1.0,560,560,1.0,140,140,1.0,1.0,1.0,100.0,100.0,100.0,100.0,0.0,0.0,100.0,100.0,100.0,100.0,0.0,0.0,100.0,100.0,100.0,100.0,0.0,0.0,20,DBSCAN,112
64,17,28,0.6071428571428571,257,560,0.4589285714285714,57,140,0.40714285714285714,0.4589285714285714,0.40714285714285714,55.803571428571416,65.71428571428571,55.294117647058826,50.273109243697476,81.81818181818183,64.35064935064935,55.803571428571416,65.71428571428571,55.294117647058826,50.273109243697476,81.81818181818183,64.35064935064935,55.803571428571416,65.71428571428571,55.294117647058826,50.273109243697476,81.81818181818183,64.35064935064935,10,DBSCAN,113
65,28,28,1.0,560,560,1.0,140,140,1.0,1.0,1.0,100.0,100.0,100.0,100.0,0.0,0.0,100.0,100.0,100.0,100.0,0.0,0.0,100.0,100.0,100.0,100.0,0.0,0.0,20,DBSCAN,113
66,17,28,0.6071428571428571,258,560,0.4607142857142857,57,140,0.40714285714285714,0.4607142857142857,0.40714285714285714,55.84183673469387,65.71428571428571,55.294117647058826,50.33613445378151,81.81818181818183,64.35064935064935,55.84183673469387,65.71428571428571,55.294117647058826,50.33613445378151,81.81818181818183,64.35064935064935,55.84183673469387,65.71428571428571,55.294117647058826,50.33613445378151,81.81818181818183,64.35064935064935,10,DBSCAN,114
67,28,28,1.0,560,560,1.0,140,140,1.0,1.0,1.0,100.0,100.0,100.0,100.0,0.0,0.0,100.0,100.0,100.0,100.0,0.0,0.0,100.0,100.0,100.0,100.0,0.0,0.0,20,DBSCAN,114
68,17,28,0.6071428571428571,259,560,0.4625,57,140,0.40714285714285714,0.46249999999999997,0.40714285714285714,55.38265306122449,65.71428571428571,55.294117647058826,50.33613445378151,81.81818181818183,63.18181818181817,55.38265306122449,65.71428571428571,55.294117647058826,50.33613445378151,81.81818181818183,63.18181818181817,55.38265306122449,65.71428571428571,55.294117647058826,50.33613445378151,81.81818181818183,63.18181818181817,10,DBSCAN,115
69,28,28,1.0,560,560,1.0,140,140,1.0,1.0,1.0,100.0,100.0,100.0,100.0,0.0,0.0,100.0,100.0,100.0,100.0,0.0,0.0,100.0,100.0,100.0,100.0,0.0,0.0,20,DBSCAN,115
70,17,28,0.6071428571428571,260,560,0.4642857142857143,57,140,0.40714285714285714,0.4642857142857143,0.40714285714285714,55.81632653061225,65.71428571428571,55.294117647058826,51.05042016806722,81.81818181818183,63.18181818181817,55.81632653061225,65.71428571428571,55.294117647058826,51.05042016806722,81.81818181818183,63.18181818181817,55.81632653061225,65.71428571428571,55.294117647058826,51.05042016806722,81.81818181818183,63.18181818181817,10,DBSCAN,116
71,28,28,1.0,560,560,1.0,140,140,1.0,1.0,1.0,100.0,100.0,100.0,100.0,0.0,0.0,100.0,100.0,100.0,100.0,0.0,0.0,100.0,100.0,100.0,100.0,0.0,0.0,20,DBSCAN,116
72,17,28,0.6071428571428571,260,560,0.4642857142857143,57,140,0.40714285714285714,0.4642857142857143,0.40714285714285714,55.81632653061225,65.71428571428571,55.294117647058826,51.05042016806722,81.81818181818183,63.18181818181817,55.81632653061225,65.71428571428571,55.294117647058826,51.05042016806722,81.81818181818183,63.18181818181817,55.81632653061225,65.71428571428571,55.294117647058826,51.05042016806722,81.81818181818183,63.18181818181817,10,DBSCAN,117
73,28,28,1.0,560,560,1.0,140,140,1.0,1.0,1.0,100.0,100.0,100.0,100.0,0.0,0.0,100.0,100.0,100.0,100.0,0.0,0.0,100.0,100.0,100.0,100.0,0.0,0.0,20,DBSCAN,117
74,17,28,0.6071428571428571,262,560,0.46785714285714286,57,140,0.40714285714285714,0.4678571428571429,0.40714285714285714,55.05102040816327,65.71428571428571,55.294117647058826,51.05042016806722,81.81818181818183,61.23376623376624,55.05102040816327,65.71428571428571,55.294117647058826,51.05042016806722,81.81818181818183,61.23376623376624,55.05102040816327,65.71428571428571,55.294117647058826,51.05042016806722,81.81818181818183,61.23376623376624,10,DBSCAN,118
75,28,28,1.0,560,560,1.0,140,140,1.0,1.0,1.0,100.0,100.0,100.0,100.0,0.0,0.0,100.0,100.0,100.0,100.0,0.0,0.0,100.0,100.0,100.0,100.0,0.0,0.0,20,DBSCAN,118
76,17,28,0.6071428571428571,263,560,0.46964285714285714,57,140,0.40714285714285714,0.4696428571428572,0.40714285714285714,55.22959183673469,65.71428571428571,55.294117647058826,51.344537815126046,81.81818181818183,61.23376623376624,55.22959183673469,65.71428571428571,55.294117647058826,51.344537815126046,81.81818181818183,61.23376623376624,55.22959183673469,65.71428571428571,55.294117647058826,51.344537815126046,81.81818181818183,61.23376623376624,10,DBSCAN,119
77,28,28,1.0,560,560,1.0,140,140,1.0,1.0,1.0,100.0,100.0,100.0,100.0,0.0,0.0,100.0,100.0,100.0,100.0,0.0,0.0,100.0,100.0,100.0,100.0,0.0,0.0,20,DBSCAN,119
78,17,28,0.6071428571428571,266,560,0.475,58,140,0.4142857142857143,0.47500000000000003,0.4142857142857143,55.68877551020408,66.42857142857143,56.47058823529413,52.10084033613446,81.81818181818183,61.23376623376624,55.68877551020408,66.42857142857143,56.47058823529413,52.10084033613446,81.81818181818183,61.23376623376624,55.68877551020408,66.42857142857143,56.47058823529413,52.10084033613446,81.81818181818183,61.23376623376624,10,DBSCAN,120
79,28,28,1.0,560,560,1.0,140,140,1.0,1.0,1.0,100.0,100.0,100.0,100.0,0.0,0.0,100.0,100.0,100.0,100.0,0.0,0.0,100.0,100.0,100.0,100.0,0.0,0.0,20,DBSCAN,120
80,10,28,0.35714285714285715,285,560,0.5089285714285714,50,140,0.35714285714285715,0.5089285714285714,0.35714285714285715,56.51785714285714,91.42857142857143,87.99999999999999,47.10714285714286,93.33333333333333,61.74603174603176,56.51785714285714,91.42857142857143,87.99999999999999,47.10714285714286,93.33333333333333,61.74603174603176,56.51785714285714,91.42857142857143,87.99999999999999,47.10714285714286,93.33333333333333,61.74603174603176,10,KMeans,2
81,8,28,0.2857142857142857,201,560,0.35892857142857143,37,140,0.2642857142857143,0.35892857142857143,0.2642857142857143,77.79336734693878,90.71428571428571,80.0,58.392857142857146,95.0,85.55357142857144,77.79336734693878,90.71428571428571,80.0,58.392857142857146,95.0,85.55357142857144,77.79336734693878,90.71428571428571,80.0,58.392857142857146,95.0,85.55357142857144,20,KMeans,2
82,4,28,0.14285714285714285,135,560,0.24107142857142858,19,140,0.1357142857142857,0.24107142857142858,0.1357142857142857,78.91262755102042,97.85714285714285,95.0,31.31696428571429,98.33333333333334,86.8452380952381,78.55867346938777,96.42857142857143,85.00000000000001,28.83928571428571,98.33333333333334,86.8452380952381,78.55867346938777,96.42857142857143,85.00000000000001,28.83928571428571,98.33333333333334,86.8452380952381,10,KMeans,3
83,2,28,0.07142857142857142,101,560,0.18035714285714285,11,140,0.07857142857142857,0.18035714285714285,0.07857142857142858,87.6594387755102,94.28571428571428,80.0,37.05357142857143,95.38461538461539,91.55219780219781,86.60714285714286,92.14285714285714,50.0,22.321428571428573,95.38461538461539,91.55219780219781,86.60714285714286,92.14285714285714,50.0,22.321428571428573,95.38461538461539,91.55219780219781,20,KMeans,3
84,5,28,0.17857142857142858,50,560,0.08928571428571429,11,140,0.07857142857142857,0.08928571428571427,0.07857142857142858,84.18367346938774,95.59523809523809,83.33333333333334,52.142857142857146,98.2608695652174,91.14906832298138,78.92857142857143,87.14285714285714,36.00000000000001,22.71428571428571,98.2608695652174,91.14906832298138,78.92857142857143,87.14285714285714,36.00000000000001,22.71428571428571,98.2608695652174,91.14906832298138,10,KMeans,4
85,2,28,0.07142857142857142,73,560,0.13035714285714287,4,140,0.02857142857142857,0.13035714285714287,0.028571428571428574,90.26147959183673,95.0,50.0,29.017857142857146,98.46153846153847,94.97252747252747,88.95408163265307,92.85714285714286,20.0,10.714285714285714,98.46153846153847,94.97252747252747,88.95408163265307,92.85714285714286,20.0,10.714285714285714,98.46153846153847,94.97252747252747,20,KMeans,4
86,3,28,0.10714285714285714,42,560,0.075,8,140,0.05714285714285714,0.075,0.05714285714285715,88.75,98.57142857142858,100.0,58.33333333333333,98.4,92.39999999999998,85.0,92.14285714285714,40.00000000000001,23.333333333333332,98.4,92.39999999999998,85.0,92.14285714285714,40.00000000000001,23.333333333333332,98.4,92.39999999999998,10,KMeans,5
87,1,28,0.03571428571428571,61,560,0.10892857142857143,4,140,0.02857142857142857,0.10892857142857142,0.028571428571428574,94.5216836734694,98.57142857142858,100.0,49.107142857142854,98.51851851851853,96.2037037037037,93.46938775510205,96.42857142857143,40.0,19.642857142857142,98.51851851851853,96.2037037037037,93.46938775510205,96.42857142857143,40.0,19.642857142857142,98.51851851851853,96.2037037037037,20,KMeans,5
88,0,28,0.0,47,560,0.08392857142857142,4,140,0.02857142857142857,0.08392857142857145,0.028571428571428574,96.49234693877553,97.14285714285714,0.0,0.0,97.14285714285714,96.49234693877553,96.49234693877553,97.14285714285714,0.0,0.0,97.14285714285714,96.49234693877553,96.49234693877553,97.14285714285714,0.0,0.0,97.14285714285714,96.49234693877553,10,KMeans,6
89,0,28,0.0,34,560,0.060714285714285714,1,140,0.007142857142857143,0.06071428571428573,0.0071428571428571435,97.98469387755102,99.28571428571429,0.0,0.0,99.28571428571429,97.98469387755102,97.98469387755102,99.28571428571429,0.0,0.0,99.28571428571429,97.98469387755102,97.98469387755102,99.28571428571429,0.0,0.0,99.28571428571429,97.98469387755102,20,KMeans,6
90,0,28,0.0,43,560,0.07678571428571429,4,140,0.02857142857142857,0.07678571428571428,0.028571428571428574,97.44897959183673,97.14285714285714,0.0,0.0,97.14285714285714,97.44897959183673,97.44897959183673,97.14285714285714,0.0,0.0,97.14285714285714,97.44897959183673,97.44897959183673,97.14285714285714,0.0,0.0,97.14285714285714,97.44897959183673,10,KMeans,7
91,0,28,0.0,34,560,0.060714285714285714,1,140,0.007142857142857143,0.06071428571428573,0.0071428571428571435,98.09948979591837,99.28571428571429,0.0,0.0,99.28571428571429,98.09948979591837,98.09948979591837,99.28571428571429,0.0,0.0,99.28571428571429,98.09948979591837,98.09948979591837,99.28571428571429,0.0,0.0,99.28571428571429,98.09948979591837,20,KMeans,7
92,0,28,0.0,40,560,0.07142857142857142,3,140,0.02142857142857143,0.07142857142857142,0.021428571428571432,97.85714285714286,97.85714285714285,0.0,0.0,97.85714285714285,97.85714285714286,97.85714285714286,97.85714285714285,0.0,0.0,97.85714285714285,97.85714285714286,97.85714285714286,97.85714285714285,0.0,0.0,97.85714285714285,97.85714285714286,10,KMeans,8
93,0,28,0.0,30,560,0.05357142857142857,0,140,0.0,0.05357142857142858,0.0,98.54591836734693,100.0,0.0,0.0,100.0,98.54591836734693,98.54591836734693,100.0,0.0,0.0,100.0,98.54591836734693,98.54591836734693,100.0,0.0,0.0,100.0,98.54591836734693,20,KMeans,8
94,0,28,0.0,41,560,0.07321428571428572,4,140,0.02857142857142857,0.0732142857142857,0.028571428571428574,97.47448979591837,97.14285714285714,0.0,0.0,97.14285714285714,97.47448979591837,97.47448979591837,97.14285714285714,0.0,0.0,97.14285714285714,97.47448979591837,97.47448979591837,97.14285714285714,0.0,0.0,97.14285714285714,97.47448979591837,10,KMeans,9
95,0,28,0.0,27,560,0.048214285714285716,1,140,0.007142857142857143,0.04821428571428572,0.0071428571428571435,98.44387755102042,99.28571428571429,0.0,0.0,99.28571428571429,98.44387755102042,98.44387755102042,99.28571428571429,0.0,0.0,99.28571428571429,98.44387755102042,98.44387755102042,99.28571428571429,0.0,0.0,99.28571428571429,98.44387755102042,20,KMeans,9
96,0,28,0.0,29,560,0.05178571428571429,1,140,0.007142857142857143,0.05178571428571429,0.0071428571428571435,99.04336734693878,99.28571428571429,0.0,0.0,99.28571428571429,99.04336734693878,99.04336734693878,99.28571428571429,0.0,0.0,99.28571428571429,99.04336734693878,99.04336734693878,99.28571428571429,0.0,0.0,99.28571428571429,99.04336734693878,10,KMeans,10
97,0,28,0.0,28,560,0.05,1,140,0.007142857142857143,0.05000000000000001,0.0071428571428571435,98.44387755102042,99.28571428571429,0.0,0.0,99.28571428571429,98.44387755102042,98.44387755102042,99.28571428571429,0.0,0.0,99.28571428571429,98.44387755102042,98.44387755102042,99.28571428571429,0.0,0.0,99.28571428571429,98.44387755102042,20,KMeans,10
98,1,28,0.03571428571428571,9,560,0.01607142857142857,1,140,0.007142857142857143,0.016071428571428573,0.0071428571428571435,98.40561224489797,100.0,100.0,89.28571428571429,100.0,98.74338624338624,95.8545918367347,97.14285714285714,20.0,17.857142857142858,100.0,98.74338624338624,95.8545918367347,97.14285714285714,20.0,17.857142857142858,100.0,98.74338624338624,10,KMeans,11
99,0,28,0.0,27,560,0.048214285714285716,0,140,0.0,0.04821428571428572,0.0,98.83928571428572,100.0,0.0,0.0,100.0,98.83928571428572,98.83928571428572,100.0,0.0,0.0,100.0,98.83928571428572,98.83928571428572,100.0,0.0,0.0,100.0,98.83928571428572,20,KMeans,11
100,1,28,0.03571428571428571,8,560,0.014285714285714285,1,140,0.007142857142857143,0.014285714285714287,0.0071428571428571435,98.40561224489797,100.0,100.0,89.28571428571429,100.0,98.74338624338624,95.8545918367347,97.14285714285714,20.0,17.857142857142858,100.0,98.74338624338624,95.8545918367347,97.14285714285714,20.0,17.857142857142858,100.0,98.74338624338624,10,KMeans,12
101,0,28,0.0,26,560,0.04642857142857143,0,140,0.0,0.04642857142857144,0.0,98.83928571428572,100.0,0.0,0.0,100.0,98.83928571428572,98.83928571428572,100.0,0.0,0.0,100.0,98.83928571428572,98.83928571428572,100.0,0.0,0.0,100.0,98.83928571428572,20,KMeans,12
102,1,28,0.03571428571428571,8,560,0.014285714285714285,1,140,0.007142857142857143,0.014285714285714287,0.0071428571428571435,98.40561224489797,100.0,100.0,89.28571428571429,100.0,98.74338624338624,95.8545918367347,97.14285714285714,20.0,17.857142857142858,100.0,98.74338624338624,95.8545918367347,97.14285714285714,20.0,17.857142857142858,100.0,98.74338624338624,10,KMeans,13
103,0,28,0.0,26,560,0.04642857142857143,0,140,0.0,0.04642857142857144,0.0,98.83928571428572,100.0,0.0,0.0,100.0,98.83928571428572,98.83928571428572,100.0,0.0,0.0,100.0,98.83928571428572,98.83928571428572,100.0,0.0,0.0,100.0,98.83928571428572,20,KMeans,13
104,0,28,0.0,25,560,0.044642857142857144,0,140,0.0,0.04464285714285715,0.0,99.2091836734694,100.0,0.0,0.0,100.0,99.2091836734694,99.2091836734694,100.0,0.0,0.0,100.0,99.2091836734694,99.2091836734694,100.0,0.0,0.0,100.0,99.2091836734694,10,KMeans,14
105,0,28,0.0,26,560,0.04642857142857143,0,140,0.0,0.04642857142857144,0.0,98.83928571428572,100.0,0.0,0.0,100.0,98.83928571428572,98.83928571428572,100.0,0.0,0.0,100.0,98.83928571428572,98.83928571428572,100.0,0.0,0.0,100.0,98.83928571428572,20,KMeans,14
106,1,28,0.03571428571428571,8,560,0.014285714285714285,1,140,0.007142857142857143,0.014285714285714287,0.0071428571428571435,98.40561224489797,100.0,100.0,89.28571428571429,100.0,98.74338624338624,95.8545918367347,97.14285714285714,20.0,17.857142857142858,100.0,98.74338624338624,95.8545918367347,97.14285714285714,20.0,17.857142857142858,100.0,98.74338624338624,10,KMeans,15
107,0,28,0.0,26,560,0.04642857142857143,0,140,0.0,0.04642857142857144,0.0,98.83928571428572,100.0,0.0,0.0,100.0,98.83928571428572,98.83928571428572,100.0,0.0,0.0,100.0,98.83928571428572,98.83928571428572,100.0,0.0,0.0,100.0,98.83928571428572,20,KMeans,15
108,0,28,0.0,23,560,0.04107142857142857,0,140,0.0,0.04107142857142858,0.0,99.22193877551021,100.0,0.0,0.0,100.0,99.22193877551021,99.22193877551021,100.0,0.0,0.0,100.0,99.22193877551021,99.22193877551021,100.0,0.0,0.0,100.0,99.22193877551021,10,KMeans,16
109,0,28,0.0,26,560,0.04642857142857143,0,140,0.0,0.04642857142857144,0.0,98.83928571428572,100.0,0.0,0.0,100.0,98.83928571428572,98.83928571428572,100.0,0.0,0.0,100.0,98.83928571428572,98.83928571428572,100.0,0.0,0.0,100.0,98.83928571428572,20,KMeans,16
110,0,28,0.0,23,560,0.04107142857142857,0,140,0.0,0.04107142857142858,0.0,99.22193877551021,100.0,0.0,0.0,100.0,99.22193877551021,99.22193877551021,100.0,0.0,0.0,100.0,99.22193877551021,99.22193877551021,100.0,0.0,0.0,100.0,99.22193877551021,10,KMeans,17
111,0,28,0.0,26,560,0.04642857142857143,0,140,0.0,0.04642857142857144,0.0,98.83928571428572,100.0,0.0,0.0,100.0,98.83928571428572,98.83928571428572,100.0,0.0,0.0,100.0,98.83928571428572,98.83928571428572,100.0,0.0,0.0,100.0,98.83928571428572,20,KMeans,17
112,0,28,0.0,23,560,0.04107142857142857,0,140,0.0,0.04107142857142858,0.0,99.22193877551021,100.0,0.0,0.0,100.0,99.22193877551021,99.22193877551021,100.0,0.0,0.0,100.0,99.22193877551021,99.22193877551021,100.0,0.0,0.0,100.0,99.22193877551021,10,KMeans,18
113,0,28,0.0,26,560,0.04642857142857143,0,140,0.0,0.04642857142857144,0.0,98.83928571428572,100.0,0.0,0.0,100.0,98.83928571428572,98.83928571428572,100.0,0.0,0.0,100.0,98.83928571428572,98.83928571428572,100.0,0.0,0.0,100.0,98.83928571428572,20,KMeans,18
114,0,28,0.0,23,560,0.04107142857142857,0,140,0.0,0.04107142857142858,0.0,99.22193877551021,100.0,0.0,0.0,100.0,99.22193877551021,99.22193877551021,100.0,0.0,0.0,100.0,99.22193877551021,99.22193877551021,100.0,0.0,0.0,100.0,99.22193877551021,10,KMeans,19
115,0,28,0.0,26,560,0.04642857142857143,0,140,0.0,0.04642857142857144,0.0,98.83928571428572,100.0,0.0,0.0,100.0,98.83928571428572,98.83928571428572,100.0,0.0,0.0,100.0,98.83928571428572,98.83928571428572,100.0,0.0,0.0,100.0,98.83928571428572,20,KMeans,19
116,0,28,0.0,23,560,0.04107142857142857,0,140,0.0,0.04107142857142858,0.0,99.22193877551021,100.0,0.0,0.0,100.0,99.22193877551021,99.22193877551021,100.0,0.0,0.0,100.0,99.22193877551021,99.22193877551021,100.0,0.0,0.0,100.0,99.22193877551021,10,KMeans,20
117,0,28,0.0,26,560,0.04642857142857143,0,140,0.0,0.04642857142857144,0.0,98.83928571428572,100.0,0.0,0.0,100.0,98.83928571428572,98.83928571428572,100.0,0.0,0.0,100.0,98.83928571428572,98.83928571428572,100.0,0.0,0.0,100.0,98.83928571428572,20,KMeans,20
118,0,28,0.0,1,560,0.0017857142857142857,0,140,0.0,0.0017857142857142859,0.0,100.0,100.0,0.0,0.0,100.0,100.0,100.0,100.0,0.0,0.0,100.0,100.0,100.0,100.0,0.0,0.0,100.0,100.0,10,KMeans,100
119,0,28,0.0,1,560,0.0017857142857142857,0,140,0.0,0.0017857142857142859,0.0,99.9234693877551,100.0,0.0,0.0,100.0,99.9234693877551,99.9234693877551,100.0,0.0,0.0,100.0,99.9234693877551,99.9234693877551,100.0,0.0,0.0,100.0,99.9234693877551,20,KMeans,100
120,0,28,0.0,1,560,0.0017857142857142857,0,140,0.0,0.0017857142857142859,0.0,100.0,100.0,0.0,0.0,100.0,100.0,100.0,100.0,0.0,0.0,100.0,100.0,100.0,100.0,0.0,0.0,100.0,100.0,10,KMeans,101
121,0,28,0.0,1,560,0.0017857142857142857,0,140,0.0,0.0017857142857142859,0.0,99.9234693877551,100.0,0.0,0.0,100.0,99.9234693877551,99.9234693877551,100.0,0.0,0.0,100.0,99.9234693877551,99.9234693877551,100.0,0.0,0.0,100.0,99.9234693877551,20,KMeans,101
122,0,28,0.0,1,560,0.0017857142857142857,0,140,0.0,0.0017857142857142859,0.0,100.0,100.0,0.0,0.0,100.0,100.0,100.0,100.0,0.0,0.0,100.0,100.0,100.0,100.0,0.0,0.0,100.0,100.0,10,KMeans,102
123,0,28,0.0,1,560,0.0017857142857142857,0,140,0.0,0.0017857142857142859,0.0,99.9234693877551,100.0,0.0,0.0,100.0,99.9234693877551,99.9234693877551,100.0,0.0,0.0,100.0,99.9234693877551,99.9234693877551,100.0,0.0,0.0,100.0,99.9234693877551,20,KMeans,102
124,0,28,0.0,1,560,0.0017857142857142857,0,140,0.0,0.0017857142857142859,0.0,100.0,100.0,0.0,0.0,100.0,100.0,100.0,100.0,0.0,0.0,100.0,100.0,100.0,100.0,0.0,0.0,100.0,100.0,10,KMeans,103
125,0,28,0.0,1,560,0.0017857142857142857,0,140,0.0,0.0017857142857142859,0.0,99.9234693877551,100.0,0.0,0.0,100.0,99.9234693877551,99.9234693877551,100.0,0.0,0.0,100.0,99.9234693877551,99.9234693877551,100.0,0.0,0.0,100.0,99.9234693877551,20,KMeans,103
126,0,28,0.0,1,560,0.0017857142857142857,0,140,0.0,0.0017857142857142859,0.0,100.0,100.0,0.0,0.0,100.0,100.0,100.0,100.0,0.0,0.0,100.0,100.0,100.0,100.0,0.0,0.0,100.0,100.0,10,KMeans,104
127,0,28,0.0,1,560,0.0017857142857142857,0,140,0.0,0.0017857142857142859,0.0,99.9234693877551,100.0,0.0,0.0,100.0,99.9234693877551,99.9234693877551,100.0,0.0,0.0,100.0,99.9234693877551,99.9234693877551,100.0,0.0,0.0,100.0,99.9234693877551,20,KMeans,104
128,0,28,0.0,1,560,0.0017857142857142857,0,140,0.0,0.0017857142857142859,0.0,100.0,100.0,0.0,0.0,100.0,100.0,100.0,100.0,0.0,0.0,100.0,100.0,100.0,100.0,0.0,0.0,100.0,100.0,10,KMeans,105
129,0,28,0.0,1,560,0.0017857142857142857,0,140,0.0,0.0017857142857142859,0.0,99.9234693877551,100.0,0.0,0.0,100.0,99.9234693877551,99.9234693877551,100.0,0.0,0.0,100.0,99.9234693877551,99.9234693877551,100.0,0.0,0.0,100.0,99.9234693877551,20,KMeans,105
130,0,28,0.0,1,560,0.0017857142857142857,0,140,0.0,0.0017857142857142859,0.0,100.0,100.0,0.0,0.0,100.0,100.0,100.0,100.0,0.0,0.0,100.0,100.0,100.0,100.0,0.0,0.0,100.0,100.0,10,KMeans,106
131,0,28,0.0,1,560,0.0017857142857142857,0,140,0.0,0.0017857142857142859,0.0,99.9234693877551,100.0,0.0,0.0,100.0,99.9234693877551,99.9234693877551,100.0,0.0,0.0,100.0,99.9234693877551,99.9234693877551,100.0,0.0,0.0,100.0,99.9234693877551,20,KMeans,106
132,0,28,0.0,1,560,0.0017857142857142857,0,140,0.0,0.0017857142857142859,0.0,100.0,100.0,0.0,0.0,100.0,100.0,100.0,100.0,0.0,0.0,100.0,100.0,100.0,100.0,0.0,0.0,100.0,100.0,10,KMeans,107
133,0,28,0.0,1,560,0.0017857142857142857,0,140,0.0,0.0017857142857142859,0.0,99.9234693877551,100.0,0.0,0.0,100.0,99.9234693877551,99.9234693877551,100.0,0.0,0.0,100.0,99.9234693877551,99.9234693877551,100.0,0.0,0.0,100.0,99.9234693877551,20,KMeans,107
134,0,28,0.0,1,560,0.0017857142857142857,0,140,0.0,0.0017857142857142859,0.0,100.0,100.0,0.0,0.0,100.0,100.0,100.0,100.0,0.0,0.0,100.0,100.0,100.0,100.0,0.0,0.0,100.0,100.0,10,KMeans,108
135,0,28,0.0,1,560,0.0017857142857142857,0,140,0.0,0.0017857142857142859,0.0,99.9234693877551,100.0,0.0,0.0,100.0,99.9234693877551,99.9234693877551,100.0,0.0,0.0,100.0,99.9234693877551,99.9234693877551,100.0,0.0,0.0,100.0,99.9234693877551,20,KMeans,108
136,0,28,0.0,1,560,0.0017857142857142857,0,140,0.0,0.0017857142857142859,0.0,100.0,100.0,0.0,0.0,100.0,100.0,100.0,100.0,0.0,0.0,100.0,100.0,100.0,100.0,0.0,0.0,100.0,100.0,10,KMeans,109
137,0,28,0.0,1,560,0.0017857142857142857,0,140,0.0,0.0017857142857142859,0.0,99.9234693877551,100.0,0.0,0.0,100.0,99.9234693877551,99.9234693877551,100.0,0.0,0.0,100.0,99.9234693877551,99.9234693877551,100.0,0.0,0.0,100.0,99.9234693877551,20,KMeans,109
138,0,28,0.0,1,560,0.0017857142857142857,0,140,0.0,0.0017857142857142859,0.0,100.0,100.0,0.0,0.0,100.0,100.0,100.0,100.0,0.0,0.0,100.0,100.0,100.0,100.0,0.0,0.0,100.0,100.0,10,KMeans,110
139,0,28,0.0,1,560,0.0017857142857142857,0,140,0.0,0.0017857142857142859,0.0,99.9234693877551,100.0,0.0,0.0,100.0,99.9234693877551,99.9234693877551,100.0,0.0,0.0,100.0,99.9234693877551,99.9234693877551,100.0,0.0,0.0,100.0,99.9234693877551,20,KMeans,110
140,0,28,0.0,1,560,0.0017857142857142857,0,140,0.0,0.0017857142857142859,0.0,100.0,100.0,0.0,0.0,100.0,100.0,100.0,100.0,0.0,0.0,100.0,100.0,100.0,100.0,0.0,0.0,100.0,100.0,10,KMeans,111
141,0,28,0.0,1,560,0.0017857142857142857,0,140,0.0,0.0017857142857142859,0.0,99.9234693877551,100.0,0.0,0.0,100.0,99.9234693877551,99.9234693877551,100.0,0.0,0.0,100.0,99.9234693877551,99.9234693877551,100.0,0.0,0.0,100.0,99.9234693877551,20,KMeans,111
142,0,28,0.0,1,560,0.0017857142857142857,0,140,0.0,0.0017857142857142859,0.0,100.0,100.0,0.0,0.0,100.0,100.0,100.0,100.0,0.0,0.0,100.0,100.0,100.0,100.0,0.0,0.0,100.0,100.0,10,KMeans,112
143,0,28,0.0,1,560,0.0017857142857142857,0,140,0.0,0.0017857142857142859,0.0,99.9234693877551,100.0,0.0,0.0,100.0,99.9234693877551,99.9234693877551,100.0,0.0,0.0,100.0,99.9234693877551,99.9234693877551,100.0,0.0,0.0,100.0,99.9234693877551,20,KMeans,112
144,0,28,0.0,1,560,0.0017857142857142857,0,140,0.0,0.0017857142857142859,0.0,100.0,100.0,0.0,0.0,100.0,100.0,100.0,100.0,0.0,0.0,100.0,100.0,100.0,100.0,0.0,0.0,100.0,100.0,10,KMeans,113
145,0,28,0.0,1,560,0.0017857142857142857,0,140,0.0,0.0017857142857142859,0.0,99.9234693877551,100.0,0.0,0.0,100.0,99.9234693877551,99.9234693877551,100.0,0.0,0.0,100.0,99.9234693877551,99.9234693877551,100.0,0.0,0.0,100.0,99.9234693877551,20,KMeans,113
146,0,28,0.0,1,560,0.0017857142857142857,0,140,0.0,0.0017857142857142859,0.0,100.0,100.0,0.0,0.0,100.0,100.0,100.0,100.0,0.0,0.0,100.0,100.0,100.0,100.0,0.0,0.0,100.0,100.0,10,KMeans,114
147,0,28,0.0,1,560,0.0017857142857142857,0,140,0.0,0.0017857142857142859,0.0,99.9234693877551,100.0,0.0,0.0,100.0,99.9234693877551,99.9234693877551,100.0,0.0,0.0,100.0,99.9234693877551,99.9234693877551,100.0,0.0,0.0,100.0,99.9234693877551,20,KMeans,114
148,0,28,0.0,1,560,0.0017857142857142857,0,140,0.0,0.0017857142857142859,0.0,100.0,100.0,0.0,0.0,100.0,100.0,100.0,100.0,0.0,0.0,100.0,100.0,100.0,100.0,0.0,0.0,100.0,100.0,10,KMeans,115
149,0,28,0.0,1,560,0.0017857142857142857,0,140,0.0,0.0017857142857142859,0.0,99.9234693877551,100.0,0.0,0.0,100.0,99.9234693877551,99.9234693877551,100.0,0.0,0.0,100.0,99.9234693877551,99.9234693877551,100.0,0.0,0.0,100.0,99.9234693877551,20,KMeans,115
150,0,28,0.0,1,560,0.0017857142857142857,0,140,0.0,0.0017857142857142859,0.0,100.0,100.0,0.0,0.0,100.0,100.0,100.0,100.0,0.0,0.0,100.0,100.0,100.0,100.0,0.0,0.0,100.0,100.0,10,KMeans,116
151,0,28,0.0,1,560,0.0017857142857142857,0,140,0.0,0.0017857142857142859,0.0,99.9234693877551,100.0,0.0,0.0,100.0,99.9234693877551,99.9234693877551,100.0,0.0,0.0,100.0,99.9234693877551,99.9234693877551,100.0,0.0,0.0,100.0,99.9234693877551,20,KMeans,116
152,0,28,0.0,1,560,0.0017857142857142857,0,140,0.0,0.0017857142857142859,0.0,100.0,100.0,0.0,0.0,100.0,100.0,100.0,100.0,0.0,0.0,100.0,100.0,100.0,100.0,0.0,0.0,100.0,100.0,10,KMeans,117
153,0,28,0.0,1,560,0.0017857142857142857,0,140,0.0,0.0017857142857142859,0.0,99.9234693877551,100.0,0.0,0.0,100.0,99.9234693877551,99.9234693877551,100.0,0.0,0.0,100.0,99.9234693877551,99.9234693877551,100.0,0.0,0.0,100.0,99.9234693877551,20,KMeans,117
154,0,28,0.0,1,560,0.0017857142857142857,0,140,0.0,0.0017857142857142859,0.0,100.0,100.0,0.0,0.0,100.0,100.0,100.0,100.0,0.0,0.0,100.0,100.0,100.0,100.0,0.0,0.0,100.0,100.0,10,KMeans,118
155,0,28,0.0,1,560,0.0017857142857142857,0,140,0.0,0.0017857142857142859,0.0,99.9234693877551,100.0,0.0,0.0,100.0,99.9234693877551,99.9234693877551,100.0,0.0,0.0,100.0,99.9234693877551,99.9234693877551,100.0,0.0,0.0,100.0,99.9234693877551,20,KMeans,118
156,0,28,0.0,1,560,0.0017857142857142857,0,140,0.0,0.0017857142857142859,0.0,100.0,100.0,0.0,0.0,100.0,100.0,100.0,100.0,0.0,0.0,100.0,100.0,100.0,100.0,0.0,0.0,100.0,100.0,10,KMeans,119
157,0,28,0.0,1,560,0.0017857142857142857,0,140,0.0,0.0017857142857142859,0.0,99.9234693877551,100.0,0.0,0.0,100.0,99.9234693877551,99.9234693877551,100.0,0.0,0.0,100.0,99.9234693877551,99.9234693877551,100.0,0.0,0.0,100.0,99.9234693877551,20,KMeans,119
158,0,28,0.0,1,560,0.0017857142857142857,0,140,0.0,0.0017857142857142859,0.0,100.0,100.0,0.0,0.0,100.0,100.0,100.0,100.0,0.0,0.0,100.0,100.0,100.0,100.0,0.0,0.0,100.0,100.0,10,KMeans,120
159,0,28,0.0,1,560,0.0017857142857142857,0,140,0.0,0.0017857142857142859,0.0,99.9234693877551,100.0,0.0,0.0,100.0,99.9234693877551,99.9234693877551,100.0,0.0,0.0,100.0,99.9234693877551,99.9234693877551,100.0,0.0,0.0,100.0,99.9234693877551,20,KMeans,120
