,one_euclid,one_ord,one_not_euclid,one_not_ord,first_euclid,first_ord,second_euclid,second_ord,first_not_euclid,first_not_ord,second_not_euclid,second_not_ord,yes_no_euclid,yes_no_ord,no_yes_euclid,no_yes_ord,both_euclid,both_ord,none_euclid,none_ord,one_one_euclid,one_one_ord,ws,algo,num_clus
0,0.21062221480893162,1256.14,0.18226501902386422,1084.049887143581,0.21068295732588282,1084.0,0.20525825062856817,1326.7096774193549,0.18223251235675925,1084.0,0.18222583358988606,1083.6529360210343,0.219373945840051,1141.0,0.21058171979763082,1370.9,0.04555417555668702,1.0,0.1821932475265087,1083.6026315789475,0.21399095030387538,1281.7551020408164,10,DBSCAN,2
1,0.20096528629247015,1088.1304347826087,0.20518511660857872,1084.049887143581,0.20552051005692204,1084.0,0.18517866034710073,1023.3225806451613,0.2051775317341597,1084.0,0.2051921364530034,1084.0433520016595,0.21384384956369262,1141.0,0.19468221903115732,1093.8275862068965,0.04737705942828037,1.0,0.20518455265797667,1083.9934257571913,0.20555000948244598,1120.5820895522388,20,DBSCAN,2
2,0.18174271572853287,1156.0232558139535,0.18226816744665122,1084.0748324389065,0.18794247445492687,1084.0,0.1709019466622107,1167.9166666666667,0.1822508569156355,1084.0,0.1822775852212229,1083.8606164067546,0.1954363187596767,1141.0,0.17635162118384243,1218.6521739130435,0.04555943266467958,1.0,0.1822602594996713,1083.7853826430435,0.18498517484910085,1183.5238095238096,10,DBSCAN,3
3,0.17834144562510887,925.5593220338983,0.20518871133803981,1084.0748324389065,0.1765640684335166,1084.0,0.17367726793776947,724.2459016393443,0.20521744241061152,1084.0,0.20522216457219777,1084.5061232962014,0.1833329340273493,1141.0,0.1801801116853767,761.6551724137931,0.0479556221506961,1.0,0.2052509781637422,1084.4317583483441,0.18174281493313707,949.6782608695652,20,DBSCAN,3
4,0.26431447692878224,1225.3779527559054,0.18227242549172956,1084.099778883361,0.292827069003602,1084.0,0.201487298627221,1351.1176470588234,0.18205462710680578,1084.0,0.1822361099425687,1083.6858816205124,0.3064748202627246,1141.0,0.21578240531206766,1466.0212765957447,0.03351979508027255,1.0,0.1820180113588639,1083.5852678262074,0.2718199950376769,1265.1951219512196,10,DBSCAN,4
5,0.1925308056273621,1107.871794871795,0.20518514390609646,1084.049887143581,0.1992036863709815,1084.0,0.18080427104018235,1094.6271186440679,0.2051861145260117,1084.0,0.20521101208548595,1083.9855400013837,0.20445952184535535,1121.344827586207,0.18550672063407855,1133.0,0.04678445761413999,1.0,0.20521201863085067,1083.9355010045495,0.19506552472324426,1127.121739130435,20,DBSCAN,4
6,0.256584920325038,1335.9032258064517,0.18227234329860267,1084.099778883361,0.27538473096828425,1084.0,0.22582188623051944,1556.4666666666667,0.18204374956676872,1084.0,0.18216823758524125,1083.018647588276,0.28542526478864916,1129.125,0.2347246753910308,1628.8139534883721,0.034411919279526054,1.0,0.18193895797633333,1082.9162696026276,0.2614678434249394,1365.2417582417581,10,DBSCAN,5
7,0.2205134387543555,1231.3116883116884,0.20518926103620427,1084.0748324389065,0.2214685476030252,1084.0,0.21248813482047393,1336.4285714285713,0.20514777718555338,1084.0,0.20516486077680252,1083.5515538841335,0.2285387426882371,1126.1948051948052,0.21948088864768567,1390.5675675675675,0.04000020708258548,1.0,0.20512326254939112,1083.4756621827762,0.22409979435048338,1255.7549668874171,20,DBSCAN,5
8,0.24832494293931803,1326.725452812202,0.181819456885699,1085.2499009624123,0.23622064969908746,1084.0,0.2567253226375822,1520.9497686715135,0.17623532185461416,1084.0,0.17356542951254503,1032.99012371081,0.2384289337385858,1097.9208409031924,0.26141391082805937,1589.1964285714287,0.2194385621168643,978.207100591716,0.1664305921886061,1025.84789311408,0.25018231707717264,1349.1349397590361,10,DBSCAN,6
9,0.2421477483139086,1221.7874015748032,0.20519341678554778,1084.099778883361,0.2578356295849044,1084.0,0.20138583407561444,1342.1764705882354,0.20508064828480235,1084.0,0.20518230693565148,1083.6963960432568,0.2695011381317113,1141.0,0.2154449716824265,1456.3191489361702,0.03619096719557337,1.0,0.20506939650738593,1083.5958007068118,0.24884552981369187,1261.4878048780488,20,DBSCAN,6
10,0.21553417389095653,1305.0,0.18226541735985594,1084.049887143581,0.21992319411487854,1084.0,0.20445209956608457,1495.2142857142858,0.1822066031522684,1084.0,0.18223006149694562,1083.4689604280047,0.22623410772186742,1121.344827586207,0.21065748475326546,1550.5555555555557,0.03690669951220089,1.0,0.18217112659921675,1083.4182330393016,0.21872395021914862,1328.2857142857142,10,DBSCAN,7
11,0.2421477483139086,1221.7874015748032,0.20519341678554778,1084.099778883361,0.2578356295849044,1084.0,0.20138583407561444,1342.1764705882354,0.20508064828480235,1084.0,0.20518230693565148,1083.6963960432568,0.2695011381317113,1141.0,0.2154449716824265,1456.3191489361702,0.03619096719557337,1.0,0.20506939650738593,1083.5958007068118,0.24884552981369187,1261.4878048780488,20,DBSCAN,7
12,0.24969404650738353,1338.8304943913586,0.18163481651550786,1084.8350038550502,0.23458712887281005,1084.0,0.26072550419774015,1536.1729942023564,0.175602200749026,1084.0,0.1712387895197104,1020.4964935781262,0.23591567597004717,1092.3482831114225,0.2653505389797629,1602.9314720812183,0.22539890573343696,1026.2633279483036,0.16304508240282203,1011.3938210227273,0.2513633430041171,1360.3066933066932,10,DBSCAN,8
13,0.22787139621122965,1175.396551724138,0.20520498023983647,1084.1746251122936,0.23842851750775315,1084.0,0.19943950856590573,1221.6060606060605,0.20507029007807395,1084.0,0.20519096132781106,1083.6855335749406,0.24903498175173394,1141.0,0.2118062116295636,1314.4782608695652,0.03690569687211689,1.0,0.20505594107412062,1083.5090302861906,0.23381255130177983,1211.9333333333334,20,DBSCAN,8
14,0.2493600247557775,1337.7546136686271,0.18163442333635618,1085.0594795539034,0.2349744564944799,1084.0,0.25953300808248214,1533.1341619447999,0.17533617622712538,1084.0,0.1711183065985926,1019.2495981448786,0.23668491845188297,1094.3199726713733,0.26439595674187044,1602.9813355454169,0.22340182405232722,1014.1771956856703,0.16253904106882927,1009.4267834793492,0.2511886226344858,1360.5486812113318,10,DBSCAN,9
15,0.22787139621122965,1175.396551724138,0.20520498023983647,1084.1746251122936,0.23842851750775315,1084.0,0.19943950856590573,1221.6060606060605,0.20507029007807395,1084.0,0.20519096132781106,1083.6855335749406,0.24903498175173394,1141.0,0.2118062116295636,1314.4782608695652,0.03690569687211689,1.0,0.20505594107412062,1083.5090302861906,0.23381255130177983,1211.9333333333334,20,DBSCAN,9
16,0.26234590824378845,1377.2710331101864,0.17997049478909155,1081.1157919510474,0.23594808372102596,1084.0,0.28776611782170025,1598.114914425428,0.17456861845410399,1084.0,0.1635354222069651,992.7653758542141,0.22546124051033953,1056.8270509977826,0.28792556007916936,1661.4524403277521,0.28680363520510727,1215.774193548387,0.15490644610401078,983.8387814373108,0.26009919883307864,1392.106282101936,10,DBSCAN,10
17,0.2331820228504786,1224.948424068768,0.20520826914832074,1084.1995761540588,0.24138698157549995,1084.0,0.21611093816075264,1312.9661016949153,0.20502711587295414,1084.0,0.20513309693998277,1083.062807853294,0.2507493600021153,1134.3720930232557,0.22444301355755653,1375.0710059171597,0.040095845403270325,1.0,0.2049509326705976,1082.8579090339208,0.23771190384630755,1253.6627565982405,20,DBSCAN,10
18,0.2660891990422148,1389.1229157573111,0.17968620137204502,1080.3583855910226,0.2360908024799969,1084.0,0.29391493805562324,1613.1652892561983,0.1743531125869114,1084.0,0.16117357217533104,984.0724748788434,0.22398430172420739,1050.1101360245723,0.2943828521187087,1676.9063613231551,0.2911620903491472,1238.1616766467066,0.15221717282342187,974.655936180197,0.2636857706398857,1403.5937051564144,10,DBSCAN,11
19,0.18914415304834617,1039.1264885741873,0.22565252876528952,1176.079792931096,0.18233564330979057,1084.0,0.16989016878844426,862.8350576411469,0.22575983396298754,1084.0,0.23615567429125012,1278.1530144451172,0.22542500827555464,1371.317675454883,0.20250155346964976,951.0905624404195,0.13501114907944695,768.4426998368679,0.24551524792048665,1196.8923076923077,0.2141152988919622,1163.9908757407582,20,DBSCAN,11
20,0.2647181241611411,1384.649727148704,0.17960338310281035,1080.351052780663,0.23594194603021007,1084.0,0.2917750386868612,1606.5161839863713,0.17408086343194915,1084.0,0.16105152660597646,982.8177919507367,0.22402877618522898,1050.9974380871051,0.2923025033314056,1672.8476953907816,0.28878407439563764,1230.3863636363637,0.15174364332220708,972.7410071942446,0.26233678575712793,1399.914167916042,10,DBSCAN,12
21,0.18888903472127194,1038.285873192436,0.22473417299812462,1173.0394999413077,0.1821645237310158,1084.0,0.16976798117587658,860.5301059001513,0.22497679993621805,1084.0,0.2349437507550866,1271.8511233573547,0.2242067034810698,1366.6108420268256,0.20176603078119404,950.7463284379172,0.13385921103874487,759.2878852739726,0.24391161597477268,1192.7053057414034,0.21311854525230264,1161.128074639525,20,DBSCAN,12
22,0.25769429566778873,1393.484988452656,0.18229617902774745,1084.2744361768298,0.25794010069039797,1084.0,0.24648962850904957,1629.0625,0.1818733074578093,1084.0,0.18192564190071356,1081.1734882859523,0.26970312554127,1141.0,0.25744041254584504,1713.1408450704225,0.03444262852382863,1.0,0.1814988734804731,1080.8826156745063,0.2635136519203565,1429.781990521327,10,DBSCAN,13
23,0.18861619783545128,1037.7725817211474,0.22381700847001226,1169.6181133169107,0.18204886556690397,1084.0,0.16963300079599386,859.5287820015516,0.22413857236133633,1084.0,0.2337126043861152,1264.2014116670127,0.22309624619223,1361.5249412869891,0.2009441267387896,950.9963531669865,0.13303603699072947,752.6199663488502,0.24212117082762624,1187.1174107142858,0.21213849234913254,1158.4531212912414,20,DBSCAN,13
24,0.25769429566778873,1393.484988452656,0.18229617902774745,1084.2744361768298,0.25794010069039797,1084.0,0.24648962850904957,1629.0625,0.1818733074578093,1084.0,0.18192564190071356,1081.1734882859523,0.26970312554127,1141.0,0.25744041254584504,1713.1408450704225,0.03444262852382863,1.0,0.1814988734804731,1080.8826156745063,0.2635136519203565,1429.781990521327,10,DBSCAN,14
25,0.1878696741271707,1035.5364780306677,0.22267433321068106,1165.6723195993627,0.18148160014545708,1084.0,0.1689435083201568,853.6748466257669,0.223238542869255,1084.0,0.2322857667857707,1256.3126660761736,0.22135082540534393,1357.2570449352627,0.19951027468767735,947.2243353386377,0.1308790938465383,737.1788303528275,0.24029892600580713,1182.3403097530347,0.21053445271450916,1154.1913503123499,20,DBSCAN,14
26,0.25769429566778873,1393.484988452656,0.18229617902774745,1084.2744361768298,0.25794010069039797,1084.0,0.24648962850904957,1629.0625,0.1818733074578093,1084.0,0.18192564190071356,1081.1734882859523,0.26970312554127,1141.0,0.25744041254584504,1713.1408450704225,0.03444262852382863,1.0,0.1814988734804731,1080.8826156745063,0.2635136519203565,1429.781990521327,10,DBSCAN,15
27,0.16789732151088876,975.9375,0.20518144799727747,1084.0249429973053,0.17579077678911953,1084.0,0.1581297256722016,849.258064516129,0.2052456848880705,1084.0,0.20527883496532445,1084.5038659496388,0.1770729418442009,1094.939393939394,0.15931747881715963,858.4782608695652,0.04885643633606624,1.0,0.2053434316022031,1084.4799666882577,0.16852057221861036,981.041884816754,20,DBSCAN,15
28,0.19551704946041445,1188.8584905660377,0.18240540634768626,1085.0485960625201,0.19633299054129957,1084.0,0.1868365965816196,1234.7448747152619,0.1819743264206704,1084.0,0.18216424175004908,1080.8888627709086,0.2048342103743287,1139.606356968215,0.1946776842336666,1296.7272727272727,0.030761613793255663,1.0,0.1817197964827051,1079.7377049180327,0.19970068204688404,1219.0217654171704,10,DBSCAN,16
29,0.18668280075244137,1031.5350078037095,0.22092256748102052,1160.2780231916067,0.18038795253545148,1084.0,0.16774495895306485,840.3399339933993,0.22188283487704064,1084.0,0.22990167734719275,1244.9336112279627,0.21849948029689983,1352.7538910505837,0.19760862210414265,940.4727435210009,0.12597316012049475,700.2791666666667,0.23728806500092087,1175.0872140651584,0.20816132330907328,1148.7303326617857,20,DBSCAN,16
30,0.19551704946041445,1188.8584905660377,0.18240540634768626,1085.0485960625201,0.19633299054129957,1084.0,0.1868365965816196,1234.7448747152619,0.1819743264206704,1084.0,0.18216424175004908,1080.8888627709086,0.2048342103743287,1139.606356968215,0.1946776842336666,1296.7272727272727,0.030761613793255663,1.0,0.1817197964827051,1079.7377049180327,0.19970068204688404,1219.0217654171704,10,DBSCAN,17
31,0.18598944820208865,1028.744854105406,0.21990336132087684,1157.3241177427224,0.1798426995570923,1084.0,0.16674878849843308,829.8616865708019,0.22092007566841337,1084.0,0.22853010330990234,1238.4326866113745,0.21721128991223246,1351.4728099663832,0.1963355838942532,935.7400364151325,0.1219288284489269,669.4704259883542,0.23530638356940467,1170.7584941399314,0.20689242842754535,1145.9761,20,DBSCAN,17
32,0.19566597794629179,1195.2510638297872,0.18237804679109185,1084.8487069561609,0.19642354749085825,1084.0,0.1871323770190517,1249.8038674033148,0.1820198770523614,1084.0,0.18217607886845272,1081.1884485666105,0.20467228563043444,1137.6763848396502,0.19487547059543991,1311.3391304347826,0.029993125027644316,1.0,0.18180872828909733,1080.2660318971673,0.19975963855620024,1224.7601744186047,10,DBSCAN,18
33,0.18584317465179742,1028.141306839893,0.21940747192024565,1155.2998976458546,0.17982792639607015,1084.0,0.16670587116970426,828.852086438152,0.22050396419772425,1084.0,0.22785879329745237,1234.421071899253,0.21645981833107705,1346.972382276972,0.19587472016287782,934.9865443425076,0.12124250786766537,663.4280266920877,0.23451050819667174,1168.743304347826,0.20629983578780706,1143.6326222579996,20,DBSCAN,18
34,0.19471557416603413,1192.8483965014577,0.18237480290942484,1084.823726000876,0.19586822466832596,1084.0,0.18584417161135547,1245.136170212766,0.18203571973458385,1084.0,0.18219954496882232,1081.3404892894769,0.20409239395771098,1137.5817091454273,0.19351489655948015,1306.232142857143,0.029640318122271588,1.0,0.18185226257071566,1080.4483447488585,0.1987838963836922,1222.2218073188947,10,DBSCAN,19
35,0.18507515352374554,1024.8796744131178,0.21864375139547745,1152.3289662885445,0.1793300054721822,1084.0,0.1659272700931691,821.7382870400206,0.21993468381617554,1084.0,0.22700529322991872,1229.8450704225352,0.21504466201600445,1342.8285253177326,0.19446883669167314,928.2141746969226,0.1189694352411127,646.5594953972043,0.2335969713584832,1167.5782422591583,0.20489504329864583,1138.3080500894455,20,DBSCAN,19
36,0.19423882480879756,1193.6153846153845,0.18235720153811577,1084.6988384955753,0.19611118528008353,1084.0,0.18485733840930907,1246.6039279869067,0.18206461917704814,1084.0,0.18222163261372987,1081.6792029713379,0.20425995800825117,1137.013986013986,0.19231186720541574,1306.4271012006861,0.029643399547516217,1.0,0.18192317576012604,1080.9298245614036,0.19822901693634373,1222.5272727272727,10,DBSCAN,20
37,0.18474180943099036,1024.289856236447,0.21802075931575796,1149.7235987109725,0.17922141542784858,1084.0,0.16569066726250867,820.8203125,0.219386358020612,1084.0,0.22624065223538617,1224.3823280124311,0.21410988978542475,1337.9461114513165,0.1936281280107701,928.1729197233284,0.11776199943440532,636.6494066882416,0.23265912131869557,1164.2949562587753,0.204004565542728,1135.7715615305067,20,DBSCAN,20
38,0.21896386590181485,1249.1882836143536,0.17041941287031886,1063.4746982615436,0.21750626551433622,1084.0,0.2293507679264242,1383.0355939815854,0.15904758162192872,1084.0,0.14950319533051323,876.0016401124649,0.200358526112762,1009.4368463395012,0.22135346562415523,1519.9990490680868,0.2408775813873151,1185.625,0.11721863140695081,791.292773237998,0.21114947351754265,1271.8548387096773,10,DBSCAN,100
39,0.20517784769760766,1084.0,,,0.20517784769760766,1084.0,0.20517784769760766,1084.0,,,,,,,,,0.20517784769760766,1084.0,,,,,20,DBSCAN,100
40,0.21851371359166077,1247.8326287884215,0.17037215738570666,1063.533307416766,0.21705346943328585,1084.0,0.2288202275706431,1379.986344127975,0.15903549944618825,1084.0,0.14947250682853894,875.5816554809843,0.1999727362230734,1010.0937531334604,0.22092296396877825,1518.139358268464,0.24005146488427132,1183.5095180234912,0.11699225481308086,789.0674577582871,0.21073441267858886,1271.0657336519237,10,DBSCAN,101
41,0.20517784769760766,1084.0,,,0.20517784769760766,1084.0,0.20517784769760766,1084.0,,,,,,,,,0.20517784769760766,1084.0,,,,,20,DBSCAN,101
42,0.21708498914971394,1245.3331601371713,0.16922640327686733,1060.5007500919924,0.21620087817583333,1084.0,0.2274411014388703,1375.9006382978723,0.15785691831576074,1084.0,0.14775714854908567,861.1026807473598,0.19774891694431715,1001.5484159300825,0.21858423793911264,1518.9170790923522,0.23916377493026877,1186.6084538375974,0.11316384802186513,763.9170503745447,0.20848746023689893,1268.200693040716,10,DBSCAN,102
43,0.20517784769760766,1084.0,,,0.20517784769760766,1084.0,0.20517784769760766,1084.0,,,,,,,,,0.20517784769760766,1084.0,,,,,20,DBSCAN,102
44,0.21695549365061714,1244.8327627347235,0.16919447400547205,1060.3191525519742,0.21609547485671027,1084.0,0.22733035805824575,1375.3747012904253,0.15784044654786375,1084.0,0.14774149952151067,860.8564398714873,0.19758517125719524,1001.1052944675788,0.2184160089113343,1517.9648222450312,0.23910446205226218,1187.0411634212471,0.11307810069877643,763.3214507343308,0.20831651227240497,1267.3737922415037,10,DBSCAN,103
45,0.20517784769760766,1084.0,,,0.20517784769760766,1084.0,0.20517784769760766,1084.0,,,,,,,,,0.20517784769760766,1084.0,,,,,20,DBSCAN,103
46,0.21626180221552674,1242.9447023484436,0.16879057087209282,1059.1065342125546,0.21564720444346588,1084.0,0.22660108662487227,1372.7692347871507,0.15737839766669584,1084.0,0.147287163785626,856.2559423274975,0.1967616938501519,998.0928972515023,0.21732117769842077,1516.915953886203,0.23849937014053713,1187.9507688639885,0.11172953459524063,754.3169073916738,0.20733890761931914,1265.0111924235903,10,DBSCAN,104
47,0.20517784769760766,1084.0,,,0.20517784769760766,1084.0,0.20517784769760766,1084.0,,,,,,,,,0.20517784769760766,1084.0,,,,,20,DBSCAN,104
48,0.2161616929301746,1242.6269430051814,0.16876101292172532,1059.0334885847358,0.21554579089816878,1084.0,0.22649893967460535,1372.191928671985,0.1573604230853975,1084.0,0.14725673612103443,855.9882430592797,0.19664234122086702,997.9752879787338,0.21722560700182464,1516.6403867608776,0.23834079723467053,1187.7341802208239,0.11164117299983305,753.5910252769099,0.20722875190991114,1264.7357624444126,10,DBSCAN,105
49,0.20517784769760766,1084.0,,,0.20517784769760766,1084.0,0.20517784769760766,1084.0,,,,,,,,,0.20517784769760766,1084.0,,,,,20,DBSCAN,105
50,0.21558301069715952,1239.8270325203252,0.168586723481479,1057.9832735618993,0.21510497666624168,1084.0,0.22592539004585577,1368.6640992504524,0.1573179271314377,1084.0,0.14717121636104552,855.263676012461,0.19591978430890114,994.8783292383292,0.21641402718504452,1510.717439703154,0.23789649239723293,1189.874255691769,0.11148656320497136,753.0637410071943,0.20646275439741582,1260.2443808160344,10,DBSCAN,106
51,0.20517784769760766,1084.0,,,0.20517784769760766,1084.0,0.20517784769760766,1084.0,,,,,,,,,0.20517784769760766,1084.0,,,,,20,DBSCAN,106
52,0.21518693248387868,1238.1455538326704,0.16834344604768173,1057.0262725779967,0.21484907091882294,1084.0,0.22558624848896747,1366.6256091930436,0.15718513632362976,1084.0,0.14696037792175398,853.7487775316588,0.1952602769361351,991.9584193453259,0.21577833118110226,1507.9645837196365,0.23773603556633444,1191.5386470655794,0.11123587067489496,751.5234840773593,0.2058193557608031,1257.5074669593014,10,DBSCAN,107
53,0.20517784769760766,1084.0,,,0.20517784769760766,1084.0,0.20517784769760766,1084.0,,,,,,,,,0.20517784769760766,1084.0,,,,,20,DBSCAN,107
54,0.21487536959126877,1237.0964597916736,0.16773376399659223,1054.4670919106989,0.21473637410943866,1084.0,0.22565078784011794,1367.6347998173237,0.1567996584355448,1084.0,0.14619717574174698,848.2815755071058,0.19395407230751788,983.6463054187192,0.2151214523409502,1508.144103182704,0.2383579153512636,1198.063829787234,0.11045784814884166,746.980092899801,0.2048548633726634,1253.7525206670807,10,DBSCAN,108
55,0.20517784769760766,1084.0,,,0.20517784769760766,1084.0,0.20517784769760766,1084.0,,,,,,,,,0.20517784769760766,1084.0,,,,,20,DBSCAN,108
56,0.2147263614390203,1236.6009886769766,0.167587999322866,1053.95388638675,0.21469793083006172,1084.0,0.22549600121571284,1367.1964213505864,0.15663896742066233,1084.0,0.1460678971178536,846.9565916398714,0.1937449184708189,982.1745937961596,0.2147768977102557,1507.8538825494015,0.23832678596699797,1198.8292059966684,0.1101536361699,745.0992507974186,0.20457436837154927,1252.8489538549727,10,DBSCAN,109
57,0.20517784769760766,1084.0,,,0.20517784769760766,1084.0,0.20517784769760766,1084.0,,,,,,,,,0.20517784769760766,1084.0,,,,,20,DBSCAN,109
58,0.21464925255391826,1236.2270208931313,0.16757956659809806,1053.8933275185348,0.21463128016053137,1084.0,0.2253984683560951,1366.5538950875953,0.15664380160273342,1084.0,0.14607234326854174,846.988819717952,0.1936832537953052,982.0286558345642,0.21468122347815863,1507.0222593210908,0.23820216190445073,1198.7389473684211,0.11014658933784752,745.0918412839947,0.20449665156578456,1252.386445049434,10,DBSCAN,110
59,0.20517784769760766,1084.0,,,0.20517784769760766,1084.0,0.20517784769760766,1084.0,,,,,,,,,0.20517784769760766,1084.0,,,,,20,DBSCAN,110
60,0.21464925255391826,1236.2270208931313,0.16757956659809806,1053.8933275185348,0.21463128016053137,1084.0,0.2253984683560951,1366.5538950875953,0.15664380160273342,1084.0,0.14607234326854174,846.988819717952,0.1936832537953052,982.0286558345642,0.21468122347815863,1507.0222593210908,0.23820216190445073,1198.7389473684211,0.11014658933784752,745.0918412839947,0.20449665156578456,1252.386445049434,10,DBSCAN,111
61,0.20517784769760766,1084.0,,,0.20517784769760766,1084.0,0.20517784769760766,1084.0,,,,,,,,,0.20517784769760766,1084.0,,,,,20,DBSCAN,111
62,0.2145233559852761,1235.6877562585419,0.16758223688424292,1054.0323989171252,0.21448951488250798,1084.0,0.22522013508038632,1365.1628539756123,0.15666054662344825,1084.0,0.14609124049902023,847.3003308729957,0.19361443468895398,982.6036639416922,0.21458369794605198,1506.1617033119956,0.2378649079789184,1197.5410830484172,0.11013989629140547,744.9432233067581,0.20441262352175826,1252.2115421364417,10,DBSCAN,112
63,0.20517784769760766,1084.0,,,0.20517784769760766,1084.0,0.20517784769760766,1084.0,,,,,,,,,0.20517784769760766,1084.0,,,,,20,DBSCAN,112
64,0.21425675241723904,1234.7796891604676,0.16751268759920943,1053.6578578928948,0.21426150553936732,1084.0,0.2249516140327821,1364.0345242874348,0.15660337831156323,1084.0,0.1460428205297109,846.4498552698791,0.19332910097629813,981.8544776119403,0.21424824330683148,1504.7077464788733,0.23759508785879557,1197.8627408056043,0.10985680609718579,742.8309287646529,0.20409184811736963,1250.858695652174,10,DBSCAN,113
65,0.20517784769760766,1084.0,,,0.20517784769760766,1084.0,0.20517784769760766,1084.0,,,,,,,,,0.20517784769760766,1084.0,,,,,20,DBSCAN,113
66,0.21415580629307968,1234.260696517413,0.16745921387570126,1053.3634983652498,0.214210098924644,1084.0,0.2248612267394243,1363.6353613310614,0.15654888566700512,1084.0,0.14603225031836606,846.2158015852723,0.19320484909551577,981.0690466849745,0.21405839152504585,1503.8665430954588,0.23758084611558583,1198.5224792666957,0.10978720004467962,742.6013564431047,0.20392674573206535,1249.866577718479,10,DBSCAN,114
67,0.20517784769760766,1084.0,,,0.20517784769760766,1084.0,0.20517784769760766,1084.0,,,,,,,,,0.20517784769760766,1084.0,,,,,20,DBSCAN,114
68,0.21402120101703795,1233.6311361377939,0.16742181017396027,1053.220566318927,0.2140868810804607,1084.0,0.22474093271847495,1362.686627645205,0.15655238182216127,1084.0,0.1460171226247132,846.2522726302761,0.19301573910349767,980.7451230271542,0.2139031108195958,1502.6620945319742,0.23745319473487958,1198.5019023806935,0.10977880919311223,742.5514739229025,0.2037524710751378,1249.0260111476348,10,DBSCAN,115
69,0.20517784769760766,1084.0,,,0.20517784769760766,1084.0,0.20517784769760766,1084.0,,,,,,,,,0.20517784769760766,1084.0,,,,,20,DBSCAN,115
70,0.21378511762924657,1232.7062146892656,0.16738409685415584,1053.0543783657224,0.21393887684951934,1084.0,0.22443180092772383,1361.0946208684381,0.15652851255582653,1084.0,0.14604666793031282,846.0717863105175,0.19286409291488962,980.4194749216301,0.21350824574745622,1500.4792264273156,0.2371912973428938,1198.2833981841763,0.10971181852389908,741.8049874553334,0.20348038411934105,1247.8610992148465,10,DBSCAN,116
71,0.20517784769760766,1084.0,,,0.20517784769760766,1084.0,0.20517784769760766,1084.0,,,,,,,,,0.20517784769760766,1084.0,,,,,20,DBSCAN,116
72,0.2137128114653586,1232.3543083525917,0.16737559637723687,1052.9882883410435,0.2138904394291742,1084.0,0.22434264220295375,1360.5902570233113,0.15651996425434156,1084.0,0.14606626197150233,846.1304832076764,0.19281948055798037,980.3017427060897,0.21339271963047154,1499.6939870490287,0.2371171579604039,1198.3075760846104,0.1096963172158065,741.7568926123381,0.2033977108839711,1247.3598744292237,10,DBSCAN,117
73,0.20517784769760766,1084.0,,,0.20517784769760766,1084.0,0.20517784769760766,1084.0,,,,,,,,,0.20517784769760766,1084.0,,,,,20,DBSCAN,117
74,0.2134615109481604,1231.5669166995658,0.1673169125574262,1052.8032401972293,0.21368657312941167,1084.0,0.22402523529949558,1359.162666137671,0.15644675345869838,1084.0,0.14604527260707867,845.4215686274509,0.19264378833084989,980.1164972634871,0.2130540851429737,1498.7045118343194,0.23671928323412766,1197.7073170731708,0.10943624213367369,739.6016584766585,0.20313208984738024,1246.6049030786774,10,DBSCAN,118
75,0.20517784769760766,1084.0,,,0.20517784769760766,1084.0,0.20517784769760766,1084.0,,,,,,,,,0.20517784769760766,1084.0,,,,,20,DBSCAN,118
76,0.21317450683536457,1230.432934622317,0.1671978929171459,1052.2751831906064,0.21349819965874114,1084.0,0.2237201366601987,1357.844277673546,0.15631362441197513,1084.0,0.1460090674442539,844.5783475783476,0.19235868123628158,978.9380177370626,0.21258488606601475,1497.1669902912622,0.23647866353551386,1198.2113571352897,0.10915564728772574,737.7465323518016,0.20273761486854402,1244.8635414689695,10,DBSCAN,119
77,0.20517784769760766,1084.0,,,0.20517784769760766,1084.0,0.20517784769760766,1084.0,,,,,,,,,0.20517784769760766,1084.0,,,,,20,DBSCAN,119
78,0.21267874012384222,1228.310614452336,0.1670191900740521,1051.4786309629367,0.21317885463919423,1084.0,0.22316237138053796,1354.8030362389813,0.15619446736820258,1084.0,0.14594339481472457,843.574,0.1918420893294361,976.9016935954837,0.21176197122270765,1492.848993908067,0.2360469880412864,1198.7848946380138,0.10888829600566069,735.9354078264969,0.20206626975542172,1241.7194428652645,10,DBSCAN,120
79,0.20517784769760766,1084.0,,,0.20517784769760766,1084.0,0.20517784769760766,1084.0,,,,,,,,,0.20517784769760766,1084.0,,,,,20,DBSCAN,120
80,0.19793236828583907,1208.1423362175526,0.20089476031035186,1214.2647004608295,0.17767364015868156,1084.0,0.18222496350724193,1073.7342238599724,0.18676424511938006,1084.0,0.18229248026656047,1094.2657761400276,0.22995187605516712,1482.132957746479,0.23815080272277903,1454.5946494464945,0.126453473433974,693.9249310027599,0.13639984327301075,720.777034358047,0.2340875840624688,1468.2420660772452,10,KMeans,2
81,0.2422741275431665,1277.9899388280746,0.20885443858975045,1138.7230518884019,0.22184551532835883,1084.0,0.23999304201567875,1261.995640007809,0.19655864850350863,1084.0,0.18610662212152676,986.4967383167576,0.2459713579303518,1303.9138276553106,0.27236404203153763,1563.7235270700637,0.17884173384509222,692.0084602368867,0.1555456938314412,824.4554167564075,0.25955083920684907,1437.5903016027446,20,KMeans,2
82,0.22861673826368864,1322.8524975933256,0.18744127841168362,1128.4218267392264,0.2051117382802388,1084.0,0.22052509647628302,1327.3895818048422,0.1750427088317928,1084.0,0.16942637631786997,1002.3811046869233,0.2399371465328535,1316.5050038491147,0.2582038486559994,1623.5100265764677,0.10174950220983549,393.9223153084539,0.14719674509646472,903.3485963918777,0.24934554375631052,1474.6301642608262,10,KMeans,3
83,0.305467908265257,1446.2700144939893,0.206093056321735,1098.4418966004332,0.2691062625336083,1084.0,0.3174250160642289,1620.782961759929,0.1951251385416268,1084.0,0.18443262786113743,984.793216361503,0.28912701013724323,1207.77602905569,0.34227245618372115,1812.9526505404015,0.16399733761452484,434.1758474576271,0.16805998709371514,949.9220283361207,0.3178506823676484,1534.8575799721837,20,KMeans,3
84,0.24716493803673148,1351.0739130434783,0.18307159904317788,1093.4293803742455,0.23054814273342233,1084.0,0.2478269877378212,1483.100728959576,0.17700558264261673,1084.0,0.1746268205291475,1037.5461651196874,0.2463663505075993,1191.818545163869,0.26477378082083525,1634.0925373134328,0.11345596565948492,285.88757396449705,0.16696494073378243,1021.0696642003414,0.25588621026048863,1420.551524507912,10,KMeans,4
85,0.32679377967231615,1486.057145897627,0.20587089343842718,1093.7714285714285,0.2843211686019814,1084.0,0.3442659380232699,1706.479710950528,0.19584529337881182,1084.0,0.18543562789676085,995.6449780396076,0.30321947001729166,1188.652,0.36717670653595175,1868.3327797384263,0.15398805539294513,362.26206896551724,0.17158807275811574,972.9536196102637,0.33816128790437183,1559.9826471588976,20,KMeans,4
86,0.24908690386236182,1358.9166111629147,0.1829460236921507,1091.849410615889,0.23064806609178037,1084.0,0.2521827796842304,1501.3568665377177,0.17764439996221798,1084.0,0.17489679583431608,1040.0587516546177,0.24528846351847314,1184.1515870661524,0.26778795209761747,1637.7426884894016,0.10998112299793857,258.5452322738386,0.1682894304857433,1026.5333723164313,0.25710243843175445,1422.3220625528318,10,KMeans,5
87,0.33921836312927056,1506.8876811594203,0.20580944050695202,1092.2778101068411,0.29265693096992973,1084.0,0.35924866572094594,1742.2730696798494,0.1963989026961278,1084.0,0.18612284292719458,1002.5868119355089,0.311876227714927,1185.5775492716366,0.38189967594199964,1894.5347222222222,0.14606268716985218,309.22222222222223,0.17359402675924207,984.3554354012522,0.3505543118909855,1577.1764480245492,20,KMeans,5
88,0.306022394772656,1493.7273013375295,0.1829146047286834,1089.8368084514873,0.2669038276459878,1084.0,0.3216046869224858,1731.7215643073534,0.17602127344075685,1084.0,0.1695425139137376,1024.8912764834502,0.28525172561111717,1176.488986784141,0.34056264070968467,1855.5013333333334,0.07167072586078214,99.859375,0.16103875315119442,1013.7499797652772,0.3158590937792866,1552.233644859813,10,KMeans,6
89,0.41177372015767366,1617.4966179358498,0.2054967582176922,1087.0393678957582,0.34153941913344055,1084.0,0.4464813926482825,1922.5135918811163,0.1987314251212876,1084.0,0.1888045051699052,1027.1037357664593,0.3592745598497846,1156.125,0.46425531756808047,2016.144491040793,0.1036798848201206,116.67647058823529,0.18079828996955247,1021.0441846692587,0.4211959737232026,1663.3953226894535,20,KMeans,6
90,0.31322393715478836,1510.9394561313495,0.18279306879364726,1088.7419757943212,0.2724765133397977,1084.0,0.3307113596155189,1763.1345583876705,0.1763239236273587,1084.0,0.16975112563018752,1026.7808020776108,0.289365237849287,1166.8608976951073,0.3477054956720524,1872.2270287338174,0.07070928767812114,94.07246376811594,0.16187829941141788,1017.5609347137572,0.322124740779198,1562.9414893617022,10,KMeans,7
91,0.41507103577054577,1621.489462950374,0.2054872580541106,1086.83064627893,0.34181406200779124,1084.0,0.45106051599715924,1923.6382978723404,0.19906275244695948,1084.0,0.18900937690959324,1028.7880268034658,0.35946791147579515,1154.674740484429,0.4684427440348323,2013.0799059929495,0.0988634669481176,111.38095238095238,0.1814318882809421,1023.1919142717974,0.42436475017960246,1665.8733379986004,20,KMeans,7
92,0.32740747318945274,1534.843577700633,0.18268530609157213,1087.5121105667006,0.28264263933711364,1084.0,0.3477523587315574,1805.5931905931907,0.17690101644317321,1084.0,0.17063733293000033,1033.327869660595,0.29910543270631984,1158.2001953125,0.36392309590919547,1902.6062291434928,0.06082816025728264,84.25,0.16380757750228436,1026.6892765360953,0.3359470001790607,1581.3114857744995,10,KMeans,8
93,0.43082327461049064,1655.6896376995187,0.20543376480140263,1086.275052517371,0.35126369206729413,1084.0,0.46803068112619456,1958.3541329011346,0.19966122164349434,1084.0,0.18933684376857488,1031.3064563391288,0.36873545900484017,1150.6348884381339,0.48393022028782506,2037.299112801014,0.09541474849669528,108.22772277227723,0.18261501994128945,1026.8353811466066,0.43963145483344784,1696.3276131045243,20,KMeans,8
94,0.3245467291864288,1531.4208037825058,0.18270511526476407,1087.7488730147722,0.28123566922245524,1084.0,0.3435553919717695,1796.7215275430888,0.17677336846140135,1084.0,0.17046274930142075,1031.877140950545,0.29797770075854824,1160.601322626358,0.35986476091670755,1896.2703862660944,0.06379468295307686,89.12269938650307,0.16342255651415966,1024.770185687461,0.33319777407469187,1579.2723386932628,10,KMeans,9
95,0.476957963339921,1722.644958677686,0.20534476601671672,1085.3987084870848,0.3831237316741886,1084.0,0.5157592525887421,2017.2932668329177,0.20063884073741148,1084.0,0.190141853086797,1038.8170228178196,0.40068680163022896,1143.4588235294118,0.5290612899203793,2077.2652956298202,0.08455154242150233,73.2,0.1848254563170408,1036.174749350167,0.4848987340836327,1756.023271500843,20,KMeans,9
96,0.36134473917284726,1581.25558739255,0.18253676436365845,1086.1679206092776,0.3038073933941722,1084.0,0.3901269933038953,1880.8378640776698,0.17784931900644652,1084.0,0.1719055149449523,1044.3122340425532,0.31988219126378503,1149.6895104895104,0.4057390364233986,1964.9248730964466,0.04839671613254616,40.266666666666666,0.1666060747462062,1040.538392186326,0.36962865742979645,1622.0464705882353,10,KMeans,10
97,0.4502105592614116,1677.0772532188842,0.20540188887112745,1085.9348563516787,0.3637218294222785,1084.0,0.4894394186505203,1979.927027027027,0.20005136612020513,1084.0,0.18986084071907697,1035.7243203883495,0.38190619232508116,1149.7623529411765,0.5053040827186581,2054.8688524590166,0.09095638588023901,97.56470588235294,0.18372789586503427,1032.0825297432687,0.459165575313435,1716.4492668621701,20,KMeans,10
98,0.34328933457433874,1589.6717752234993,0.18238993780894983,1085.2459878251245,0.30016006656849153,1084.0,0.3640353046233719,1893.269807280514,0.17947934082415745,1084.0,0.17619791624150757,1057.0172778980937,0.3126299421284574,1141.0,0.3752606229404227,1964.5211267605634,0.07282464289834426,44.84615384615385,0.1730487949505522,1055.078790387378,0.34941217478642045,1624.6438833260775,10,KMeans,11
99,0.4680029150353066,1709.5809128630706,0.20534626749770926,1085.389538504117,0.37378564880644094,1084.0,0.5089341907318522,2008.8763388510224,0.20063165816912926,1084.0,0.19009503745266407,1038.0759077503265,0.39008554684188235,1139.83781278962,0.5218953804145876,2067.4144505770196,0.08546450158937127,96.31147540983606,0.18473872500371116,1035.350435624395,0.4755988926460495,1741.615234375,20,KMeans,11
100,0.3536645857408984,1615.1824134705332,0.18236954218616194,1085.0960022133074,0.30814677865970375,1084.0,0.3746494636811074,1918.4555214723925,0.1796545495794243,1084.0,0.176301899603217,1058.1635008072942,0.3208536974506915,1141.0,0.38550534109181356,1986.7567567567567,0.07776481623179646,50.56521739130435,0.1733815905240834,1056.4899956397462,0.359731215471978,1649.5860420650095,10,KMeans,12
101,0.5133939399486667,1834.3360096346848,0.20528868834148933,1084.7987461971052,0.4143924716220757,1084.0,0.541960912088283,2079.3505154639174,0.20184921072361056,1084.0,0.19024913259858628,1039.8787069774155,0.43214559171824557,1137.4814814814815,0.5505673239696948,2116.0745444505797,0.05489178967463643,1.0,0.18641935651049374,1038.3334310635491,0.5193606210421067,1858.1939812932087,20,KMeans,12
102,0.3536645857408984,1615.1824134705332,0.18236954218616194,1085.0960022133074,0.30814677865970375,1084.0,0.3746494636811074,1918.4555214723925,0.1796545495794243,1084.0,0.176301899603217,1058.1635008072942,0.3208536974506915,1141.0,0.38550534109181356,1986.7567567567567,0.07776481623179646,50.56521739130435,0.1733815905240834,1056.4899956397462,0.359731215471978,1649.5860420650095,10,KMeans,13
103,0.5133939399486667,1834.3360096346848,0.20528868834148933,1084.7987461971052,0.4143924716220757,1084.0,0.541960912088283,2079.3505154639174,0.20184921072361056,1084.0,0.19024913259858628,1039.8787069774155,0.43214559171824557,1137.4814814814815,0.5505673239696948,2116.0745444505797,0.05489178967463643,1.0,0.18641935651049374,1038.3334310635491,0.5193606210421067,1858.1939812932087,20,KMeans,13
104,0.4142097409583569,1712.9760627321502,0.18240967880425324,1085.1327984506847,0.33747730148826627,1084.0,0.44452207516206393,2000.6407706650093,0.17912225622766312,1084.0,0.17216612100627798,1048.7251919351368,0.3542926086072947,1144.3611793611794,0.4564297652349262,2059.053742802303,0.03991947551241526,15.869565217391305,0.16854997931524626,1046.8263287557627,0.4214530527844037,1745.8186790071518,10,KMeans,14
105,0.5133939399486667,1834.3360096346848,0.20528868834148933,1084.7987461971052,0.4143924716220757,1084.0,0.541960912088283,2079.3505154639174,0.20184921072361056,1084.0,0.19024913259858628,1039.8787069774155,0.43214559171824557,1137.4814814814815,0.5505673239696948,2116.0745444505797,0.05489178967463643,1.0,0.18641935651049374,1038.3334310635491,0.5193606210421067,1858.1939812932087,20,KMeans,14
106,0.3536645857408984,1615.1824134705332,0.18236954218616194,1085.0960022133074,0.30814677865970375,1084.0,0.3746494636811074,1918.4555214723925,0.1796545495794243,1084.0,0.176301899603217,1058.1635008072942,0.3208536974506915,1141.0,0.38550534109181356,1986.7567567567567,0.07776481623179646,50.56521739130435,0.1733815905240834,1056.4899956397462,0.359731215471978,1649.5860420650095,10,KMeans,15
107,0.516918337298548,1847.0630114566284,0.20528054854841846,1084.7487900437889,0.41889300045572464,1084.0,0.5435965330317546,2083.1472191930206,0.20198061306074008,1084.0,0.19025311656446614,1039.9362285384505,0.43670881111051313,1137.2622950819673,0.5516945100144054,2117.7727272727275,0.05663818380835739,1.0,0.1865841890538968,1038.487358453729,0.5226384717661144,1870.0049710024855,20,KMeans,15
108,0.42641193396899646,1749.8624833110814,0.1823879914889717,1084.943386658061,0.3463058985565538,1084.0,0.45514505388424914,2025.9203883495145,0.17941441751165418,1084.0,0.17219043811529758,1049.2473552238805,0.36317451193329076,1142.2991452991453,0.4657473461821402,2076.828798938288,0.03468046196525485,7.0,0.1689341580331993,1047.6608214120904,0.4331506374258286,1779.8438207333636,10,KMeans,16
109,0.5150790638816374,1839.9720308066478,0.20528054854841846,1084.7487900437889,0.4164931390027317,1084.0,0.5430123703693235,2081.546543277082,0.20191619914144815,1084.0,0.19025343103339537,1039.9316788110525,0.4336290892500829,1135.5714285714287,0.5510872046785813,2116.087991145545,0.05663818380835739,1.0,0.18650946442102231,1038.4604058310747,0.5207225708172953,1862.6101764464506,20,KMeans,16
110,0.42641193396899646,1749.8624833110814,0.1823879914889717,1084.943386658061,0.3463058985565538,1084.0,0.45514505388424914,2025.9203883495145,0.17941441751165418,1084.0,0.17219043811529758,1049.2473552238805,0.36317451193329076,1142.2991452991453,0.4657473461821402,2076.828798938288,0.03468046196525485,7.0,0.1689341580331993,1047.6608214120904,0.4331506374258286,1779.8438207333636,10,KMeans,17
111,0.516918337298548,1847.0630114566284,0.20528054854841846,1084.7487900437889,0.41889300045572464,1084.0,0.5435965330317546,2083.1472191930206,0.20198061306074008,1084.0,0.19025311656446614,1039.9362285384505,0.43670881111051313,1137.2622950819673,0.5516945100144054,2117.7727272727275,0.05663818380835739,1.0,0.1865841890538968,1038.487358453729,0.5226384717661144,1870.0049710024855,20,KMeans,17
112,0.42641193396899646,1749.8624833110814,0.1823879914889717,1084.943386658061,0.3463058985565538,1084.0,0.45514505388424914,2025.9203883495145,0.17941441751165418,1084.0,0.17219043811529758,1049.2473552238805,0.36317451193329076,1142.2991452991453,0.4657473461821402,2076.828798938288,0.03468046196525485,7.0,0.1689341580331993,1047.6608214120904,0.4331506374258286,1779.8438207333636,10,KMeans,18
113,0.5185228485067667,1853.3352601156068,0.20527397133726366,1084.6988384955753,0.421320524169801,1084.0,0.544381200470871,2085.6426229508197,0.20204680892628157,1084.0,0.19025257394009215,1039.926761240683,0.43858909159070114,1135.222972972973,0.5519664895106062,2118.0344062153163,0.056213670127910786,1.0,0.18666666198221224,1038.5507097907216,0.5239299734000866,1875.0,20,KMeans,18
114,0.42641193396899646,1749.8624833110814,0.1823879914889717,1084.943386658061,0.3463058985565538,1084.0,0.45514505388424914,2025.9203883495145,0.17941441751165418,1084.0,0.17219043811529758,1049.2473552238805,0.36317451193329076,1142.2991452991453,0.4657473461821402,2076.828798938288,0.03468046196525485,7.0,0.1689341580331993,1047.6608214120904,0.4331506374258286,1779.8438207333636,10,KMeans,19
115,0.5185228485067667,1853.3352601156068,0.20527397133726366,1084.6988384955753,0.421320524169801,1084.0,0.544381200470871,2085.6426229508197,0.20204680892628157,1084.0,0.19025257394009215,1039.926761240683,0.43858909159070114,1135.222972972973,0.5519664895106062,2118.0344062153163,0.056213670127910786,1.0,0.18666666198221224,1038.5507097907216,0.5239299734000866,1875.0,20,KMeans,19
116,0.42641193396899646,1749.8624833110814,0.1823879914889717,1084.943386658061,0.3463058985565538,1084.0,0.45514505388424914,2025.9203883495145,0.17941441751165418,1084.0,0.17219043811529758,1049.2473552238805,0.36317451193329076,1142.2991452991453,0.4657473461821402,2076.828798938288,0.03468046196525485,7.0,0.1689341580331993,1047.6608214120904,0.4331506374258286,1779.8438207333636,10,KMeans,20
117,0.5185228485067667,1853.3352601156068,0.20527397133726366,1084.6988384955753,0.421320524169801,1084.0,0.544381200470871,2085.6426229508197,0.20204680892628157,1084.0,0.19025257394009215,1039.926761240683,0.43858909159070114,1135.222972972973,0.5519664895106062,2118.0344062153163,0.056213670127910786,1.0,0.18666666198221224,1038.5507097907216,0.5239299734000866,1875.0,20,KMeans,20
118,0.4562125255498772,1992.3225806451612,0.1822587218869012,1084.0,0.4549775767826225,1084.0,0.4564500156974261,2167.0,0.1821330449952442,1084.0,0.18160039945278228,1081.3997599039617,0.4549775767826225,1084.0,0.4564500156974261,2167.0,,,0.1814741165733801,1081.398558758315,0.4562125255498772,1992.3225806451612,10,KMeans,100
119,0.5316990980739265,2049.9189189189187,0.20517784769760766,1084.0,0.5296287084760822,1084.0,0.5319500543888167,2167.0,0.20502833117190333,1084.0,0.20393134638899485,1079.868801294648,0.5296287084760822,1084.0,0.5319500543888167,2167.0,,,0.20378068263875218,1079.8668902509542,0.5316990980739265,2049.9189189189187,20,KMeans,100
120,0.4562125255498772,1992.3225806451612,0.1822587218869012,1084.0,0.4549775767826225,1084.0,0.4564500156974261,2167.0,0.1821330449952442,1084.0,0.18160039945278228,1081.3997599039617,0.4549775767826225,1084.0,0.4564500156974261,2167.0,,,0.1814741165733801,1081.398558758315,0.4562125255498772,1992.3225806451612,10,KMeans,101
121,0.5316990980739265,2049.9189189189187,0.20517784769760766,1084.0,0.5296287084760822,1084.0,0.5319500543888167,2167.0,0.20502833117190333,1084.0,0.20393134638899485,1079.868801294648,0.5296287084760822,1084.0,0.5319500543888167,2167.0,,,0.20378068263875218,1079.8668902509542,0.5316990980739265,2049.9189189189187,20,KMeans,101
122,0.4562125255498772,1992.3225806451612,0.1822587218869012,1084.0,0.4549775767826225,1084.0,0.4564500156974261,2167.0,0.1821330449952442,1084.0,0.18160039945278228,1081.3997599039617,0.4549775767826225,1084.0,0.4564500156974261,2167.0,,,0.1814741165733801,1081.398558758315,0.4562125255498772,1992.3225806451612,10,KMeans,102
123,0.5316990980739265,2049.9189189189187,0.20517784769760766,1084.0,0.5296287084760822,1084.0,0.5319500543888167,2167.0,0.20502833117190333,1084.0,0.20393134638899485,1079.868801294648,0.5296287084760822,1084.0,0.5319500543888167,2167.0,,,0.20378068263875218,1079.8668902509542,0.5316990980739265,2049.9189189189187,20,KMeans,102
124,0.4562125255498772,1992.3225806451612,0.1822587218869012,1084.0,0.4549775767826225,1084.0,0.4564500156974261,2167.0,0.1821330449952442,1084.0,0.18160039945278228,1081.3997599039617,0.4549775767826225,1084.0,0.4564500156974261,2167.0,,,0.1814741165733801,1081.398558758315,0.4562125255498772,1992.3225806451612,10,KMeans,103
125,0.5316990980739265,2049.9189189189187,0.20517784769760766,1084.0,0.5296287084760822,1084.0,0.5319500543888167,2167.0,0.20502833117190333,1084.0,0.20393134638899485,1079.868801294648,0.5296287084760822,1084.0,0.5319500543888167,2167.0,,,0.20378068263875218,1079.8668902509542,0.5316990980739265,2049.9189189189187,20,KMeans,103
126,0.4562125255498772,1992.3225806451612,0.1822587218869012,1084.0,0.4549775767826225,1084.0,0.4564500156974261,2167.0,0.1821330449952442,1084.0,0.18160039945278228,1081.3997599039617,0.4549775767826225,1084.0,0.4564500156974261,2167.0,,,0.1814741165733801,1081.398558758315,0.4562125255498772,1992.3225806451612,10,KMeans,104
127,0.5316990980739265,2049.9189189189187,0.20517784769760766,1084.0,0.5296287084760822,1084.0,0.5319500543888167,2167.0,0.20502833117190333,1084.0,0.20393134638899485,1079.868801294648,0.5296287084760822,1084.0,0.5319500543888167,2167.0,,,0.20378068263875218,1079.8668902509542,0.5316990980739265,2049.9189189189187,20,KMeans,104
128,0.4562125255498772,1992.3225806451612,0.1822587218869012,1084.0,0.4549775767826225,1084.0,0.4564500156974261,2167.0,0.1821330449952442,1084.0,0.18160039945278228,1081.3997599039617,0.4549775767826225,1084.0,0.4564500156974261,2167.0,,,0.1814741165733801,1081.398558758315,0.4562125255498772,1992.3225806451612,10,KMeans,105
129,0.5316990980739265,2049.9189189189187,0.20517784769760766,1084.0,0.5296287084760822,1084.0,0.5319500543888167,2167.0,0.20502833117190333,1084.0,0.20393134638899485,1079.868801294648,0.5296287084760822,1084.0,0.5319500543888167,2167.0,,,0.20378068263875218,1079.8668902509542,0.5316990980739265,2049.9189189189187,20,KMeans,105
130,0.4562125255498772,1992.3225806451612,0.1822587218869012,1084.0,0.4549775767826225,1084.0,0.4564500156974261,2167.0,0.1821330449952442,1084.0,0.18160039945278228,1081.3997599039617,0.4549775767826225,1084.0,0.4564500156974261,2167.0,,,0.1814741165733801,1081.398558758315,0.4562125255498772,1992.3225806451612,10,KMeans,106
131,0.5316990980739265,2049.9189189189187,0.20517784769760766,1084.0,0.5296287084760822,1084.0,0.5319500543888167,2167.0,0.20502833117190333,1084.0,0.20393134638899485,1079.868801294648,0.5296287084760822,1084.0,0.5319500543888167,2167.0,,,0.20378068263875218,1079.8668902509542,0.5316990980739265,2049.9189189189187,20,KMeans,106
132,0.4562125255498772,1992.3225806451612,0.1822587218869012,1084.0,0.4549775767826225,1084.0,0.4564500156974261,2167.0,0.1821330449952442,1084.0,0.18160039945278228,1081.3997599039617,0.4549775767826225,1084.0,0.4564500156974261,2167.0,,,0.1814741165733801,1081.398558758315,0.4562125255498772,1992.3225806451612,10,KMeans,107
133,0.5316990980739265,2049.9189189189187,0.20517784769760766,1084.0,0.5296287084760822,1084.0,0.5319500543888167,2167.0,0.20502833117190333,1084.0,0.20393134638899485,1079.868801294648,0.5296287084760822,1084.0,0.5319500543888167,2167.0,,,0.20378068263875218,1079.8668902509542,0.5316990980739265,2049.9189189189187,20,KMeans,107
134,0.4562125255498772,1992.3225806451612,0.1822587218869012,1084.0,0.4549775767826225,1084.0,0.4564500156974261,2167.0,0.1821330449952442,1084.0,0.18160039945278228,1081.3997599039617,0.4549775767826225,1084.0,0.4564500156974261,2167.0,,,0.1814741165733801,1081.398558758315,0.4562125255498772,1992.3225806451612,10,KMeans,108
135,0.5316990980739265,2049.9189189189187,0.20517784769760766,1084.0,0.5296287084760822,1084.0,0.5319500543888167,2167.0,0.20502833117190333,1084.0,0.20393134638899485,1079.868801294648,0.5296287084760822,1084.0,0.5319500543888167,2167.0,,,0.20378068263875218,1079.8668902509542,0.5316990980739265,2049.9189189189187,20,KMeans,108
136,0.4562125255498772,1992.3225806451612,0.1822587218869012,1084.0,0.4549775767826225,1084.0,0.4564500156974261,2167.0,0.1821330449952442,1084.0,0.18160039945278228,1081.3997599039617,0.4549775767826225,1084.0,0.4564500156974261,2167.0,,,0.1814741165733801,1081.398558758315,0.4562125255498772,1992.3225806451612,10,KMeans,109
137,0.5316990980739265,2049.9189189189187,0.20517784769760766,1084.0,0.5296287084760822,1084.0,0.5319500543888167,2167.0,0.20502833117190333,1084.0,0.20393134638899485,1079.868801294648,0.5296287084760822,1084.0,0.5319500543888167,2167.0,,,0.20378068263875218,1079.8668902509542,0.5316990980739265,2049.9189189189187,20,KMeans,109
138,0.4562125255498772,1992.3225806451612,0.1822587218869012,1084.0,0.4549775767826225,1084.0,0.4564500156974261,2167.0,0.1821330449952442,1084.0,0.18160039945278228,1081.3997599039617,0.4549775767826225,1084.0,0.4564500156974261,2167.0,,,0.1814741165733801,1081.398558758315,0.4562125255498772,1992.3225806451612,10,KMeans,110
139,0.5316990980739265,2049.9189189189187,0.20517784769760766,1084.0,0.5296287084760822,1084.0,0.5319500543888167,2167.0,0.20502833117190333,1084.0,0.20393134638899485,1079.868801294648,0.5296287084760822,1084.0,0.5319500543888167,2167.0,,,0.20378068263875218,1079.8668902509542,0.5316990980739265,2049.9189189189187,20,KMeans,110
140,0.4562125255498772,1992.3225806451612,0.1822587218869012,1084.0,0.4549775767826225,1084.0,0.4564500156974261,2167.0,0.1821330449952442,1084.0,0.18160039945278228,1081.3997599039617,0.4549775767826225,1084.0,0.4564500156974261,2167.0,,,0.1814741165733801,1081.398558758315,0.4562125255498772,1992.3225806451612,10,KMeans,111
141,0.5316990980739265,2049.9189189189187,0.20517784769760766,1084.0,0.5296287084760822,1084.0,0.5319500543888167,2167.0,0.20502833117190333,1084.0,0.20393134638899485,1079.868801294648,0.5296287084760822,1084.0,0.5319500543888167,2167.0,,,0.20378068263875218,1079.8668902509542,0.5316990980739265,2049.9189189189187,20,KMeans,111
142,0.4562125255498772,1992.3225806451612,0.1822587218869012,1084.0,0.4549775767826225,1084.0,0.4564500156974261,2167.0,0.1821330449952442,1084.0,0.18160039945278228,1081.3997599039617,0.4549775767826225,1084.0,0.4564500156974261,2167.0,,,0.1814741165733801,1081.398558758315,0.4562125255498772,1992.3225806451612,10,KMeans,112
143,0.5316990980739265,2049.9189189189187,0.20517784769760766,1084.0,0.5296287084760822,1084.0,0.5319500543888167,2167.0,0.20502833117190333,1084.0,0.20393134638899485,1079.868801294648,0.5296287084760822,1084.0,0.5319500543888167,2167.0,,,0.20378068263875218,1079.8668902509542,0.5316990980739265,2049.9189189189187,20,KMeans,112
144,0.4562125255498772,1992.3225806451612,0.1822587218869012,1084.0,0.4549775767826225,1084.0,0.4564500156974261,2167.0,0.1821330449952442,1084.0,0.18160039945278228,1081.3997599039617,0.4549775767826225,1084.0,0.4564500156974261,2167.0,,,0.1814741165733801,1081.398558758315,0.4562125255498772,1992.3225806451612,10,KMeans,113
145,0.5316990980739265,2049.9189189189187,0.20517784769760766,1084.0,0.5296287084760822,1084.0,0.5319500543888167,2167.0,0.20502833117190333,1084.0,0.20393134638899485,1079.868801294648,0.5296287084760822,1084.0,0.5319500543888167,2167.0,,,0.20378068263875218,1079.8668902509542,0.5316990980739265,2049.9189189189187,20,KMeans,113
146,0.4562125255498772,1992.3225806451612,0.1822587218869012,1084.0,0.4549775767826225,1084.0,0.4564500156974261,2167.0,0.1821330449952442,1084.0,0.18160039945278228,1081.3997599039617,0.4549775767826225,1084.0,0.4564500156974261,2167.0,,,0.1814741165733801,1081.398558758315,0.4562125255498772,1992.3225806451612,10,KMeans,114
147,0.5316990980739265,2049.9189189189187,0.20517784769760766,1084.0,0.5296287084760822,1084.0,0.5319500543888167,2167.0,0.20502833117190333,1084.0,0.20393134638899485,1079.868801294648,0.5296287084760822,1084.0,0.5319500543888167,2167.0,,,0.20378068263875218,1079.8668902509542,0.5316990980739265,2049.9189189189187,20,KMeans,114
148,0.4562125255498772,1992.3225806451612,0.1822587218869012,1084.0,0.4549775767826225,1084.0,0.4564500156974261,2167.0,0.1821330449952442,1084.0,0.18160039945278228,1081.3997599039617,0.4549775767826225,1084.0,0.4564500156974261,2167.0,,,0.1814741165733801,1081.398558758315,0.4562125255498772,1992.3225806451612,10,KMeans,115
149,0.5316990980739265,2049.9189189189187,0.20517784769760766,1084.0,0.5296287084760822,1084.0,0.5319500543888167,2167.0,0.20502833117190333,1084.0,0.20393134638899485,1079.868801294648,0.5296287084760822,1084.0,0.5319500543888167,2167.0,,,0.20378068263875218,1079.8668902509542,0.5316990980739265,2049.9189189189187,20,KMeans,115
150,0.4562125255498772,1992.3225806451612,0.1822587218869012,1084.0,0.4549775767826225,1084.0,0.4564500156974261,2167.0,0.1821330449952442,1084.0,0.18160039945278228,1081.3997599039617,0.4549775767826225,1084.0,0.4564500156974261,2167.0,,,0.1814741165733801,1081.398558758315,0.4562125255498772,1992.3225806451612,10,KMeans,116
151,0.5316990980739265,2049.9189189189187,0.20517784769760766,1084.0,0.5296287084760822,1084.0,0.5319500543888167,2167.0,0.20502833117190333,1084.0,0.20393134638899485,1079.868801294648,0.5296287084760822,1084.0,0.5319500543888167,2167.0,,,0.20378068263875218,1079.8668902509542,0.5316990980739265,2049.9189189189187,20,KMeans,116
152,0.4562125255498772,1992.3225806451612,0.1822587218869012,1084.0,0.4549775767826225,1084.0,0.4564500156974261,2167.0,0.1821330449952442,1084.0,0.18160039945278228,1081.3997599039617,0.4549775767826225,1084.0,0.4564500156974261,2167.0,,,0.1814741165733801,1081.398558758315,0.4562125255498772,1992.3225806451612,10,KMeans,117
153,0.5316990980739265,2049.9189189189187,0.20517784769760766,1084.0,0.5296287084760822,1084.0,0.5319500543888167,2167.0,0.20502833117190333,1084.0,0.20393134638899485,1079.868801294648,0.5296287084760822,1084.0,0.5319500543888167,2167.0,,,0.20378068263875218,1079.8668902509542,0.5316990980739265,2049.9189189189187,20,KMeans,117
154,0.4562125255498772,1992.3225806451612,0.1822587218869012,1084.0,0.4549775767826225,1084.0,0.4564500156974261,2167.0,0.1821330449952442,1084.0,0.18160039945278228,1081.3997599039617,0.4549775767826225,1084.0,0.4564500156974261,2167.0,,,0.1814741165733801,1081.398558758315,0.4562125255498772,1992.3225806451612,10,KMeans,118
155,0.5316990980739265,2049.9189189189187,0.20517784769760766,1084.0,0.5296287084760822,1084.0,0.5319500543888167,2167.0,0.20502833117190333,1084.0,0.20393134638899485,1079.868801294648,0.5296287084760822,1084.0,0.5319500543888167,2167.0,,,0.20378068263875218,1079.8668902509542,0.5316990980739265,2049.9189189189187,20,KMeans,118
156,0.4562125255498772,1992.3225806451612,0.1822587218869012,1084.0,0.4549775767826225,1084.0,0.4564500156974261,2167.0,0.1821330449952442,1084.0,0.18160039945278228,1081.3997599039617,0.4549775767826225,1084.0,0.4564500156974261,2167.0,,,0.1814741165733801,1081.398558758315,0.4562125255498772,1992.3225806451612,10,KMeans,119
157,0.5316990980739265,2049.9189189189187,0.20517784769760766,1084.0,0.5296287084760822,1084.0,0.5319500543888167,2167.0,0.20502833117190333,1084.0,0.20393134638899485,1079.868801294648,0.5296287084760822,1084.0,0.5319500543888167,2167.0,,,0.20378068263875218,1079.8668902509542,0.5316990980739265,2049.9189189189187,20,KMeans,119
158,0.4562125255498772,1992.3225806451612,0.1822587218869012,1084.0,0.4549775767826225,1084.0,0.4564500156974261,2167.0,0.1821330449952442,1084.0,0.18160039945278228,1081.3997599039617,0.4549775767826225,1084.0,0.4564500156974261,2167.0,,,0.1814741165733801,1081.398558758315,0.4562125255498772,1992.3225806451612,10,KMeans,120
159,0.5316990980739265,2049.9189189189187,0.20517784769760766,1084.0,0.5296287084760822,1084.0,0.5319500543888167,2167.0,0.20502833117190333,1084.0,0.20393134638899485,1079.868801294648,0.5296287084760822,1084.0,0.5319500543888167,2167.0,,,0.20378068263875218,1079.8668902509542,0.5316990980739265,2049.9189189189187,20,KMeans,120
