vehicle;ride;pos;ws;marker;time_delay
Vehicle_17;9563895;0;10;ede;1.0820000171661377
Vehicle_17;9563895;1;10;ede;1.0820000171661377
Vehicle_17;9563895;2;10;edede;1.0820000171661377
Vehicle_17;9563895;3;10;edede;1.0820000171661377
Vehicle_17;9563895;4;10;ededed;1.0820000171661377
Vehicle_17;9563895;5;10;ededed;1.0820000171661377
Vehicle_17;9563895;6;10;ededed;1.0820000171661377
Vehicle_17;9563895;7;10;ededed;1.0759999752044678
Vehicle_17;9563895;8;10;edede;1.0759999752044678
Vehicle_17;9563895;9;10;edede;1.0759999752044678
Vehicle_17;9563895;10;10;eded;1.0759999752044678
Vehicle_17;9563895;11;10;e;1.0759999752044678
Vehicle_17;9563895;12;10;ede;1.0759999752044678
Vehicle_17;9563895;13;10;ede;1.2349998950958252
Vehicle_17;9563895;14;10;ede;1.2349998950958252
Vehicle_17;9563895;15;10;e;1.2349998950958252
Vehicle_17;9563895;16;10;e;1.2349998950958252
Vehicle_17;9563895;17;10;ed;1.2349998950958252
Vehicle_17;9563895;18;10;ed;1.2349998950958252
Vehicle_17;9563895;19;10;ed;1.2349998950958252
Vehicle_17;9563895;20;10;e;1.2349998950958252
Vehicle_17;9563895;21;10;e;1.2349998950958252
Vehicle_17;9563895;22;10;ede;1.2170000076293945
Vehicle_17;9563895;23;10;edede;1.2170000076293945
Vehicle_17;9563895;24;10;ededed;1.2170000076293945
Vehicle_17;9563895;25;10;ededed;1.2170000076293945
Vehicle_17;9563895;26;10;edede;1.0439999103546143
Vehicle_17;9563895;27;10;edede;1.0439999103546143
Vehicle_17;9563895;28;10;e;1.0439999103546143
Vehicle_17;9563895;29;10;e;1.24399995803833
Vehicle_17;9563895;30;10;e;1.24399995803833
Vehicle_17;9563895;31;10;e;1.24399995803833
Vehicle_17;9563895;32;10;e;1.24399995803833
Vehicle_17;9563895;33;10;e;1.24399995803833
Vehicle_17;9563895;34;10;e;1.24399995803833
Vehicle_17;9563895;35;10;ed;1.24399995803833
Vehicle_17;9563895;36;10;e;1.24399995803833
Vehicle_17;9563895;37;10;e;1.249000072479248
Vehicle_17;9563895;38;10;e;1.249000072479248
Vehicle_17;9563895;39;10;ed;1.249000072479248
Vehicle_17;9563895;40;10;ed;1.249000072479248
Vehicle_17;9563895;41;10;ed;1.249000072479248
Vehicle_17;9563895;42;10;ed;1.249000072479248
Vehicle_17;9563895;43;10;e;1.249000072479248
Vehicle_17;9563895;44;10;e;1.249000072479248
Vehicle_17;9563895;45;10;e;1.249000072479248
Vehicle_17;9563895;46;10;e;1.2019999027252197
Vehicle_17;9563895;47;10;e;1.2019999027252197
Vehicle_17;9563895;48;10;e;1.2019999027252197
Vehicle_17;9563895;49;10;ed;1.2019999027252197
Vehicle_17;9563895;50;10;ed;1.2019999027252197
Vehicle_17;9563895;51;10;e;1.1760001182556152
Vehicle_17;9563895;52;10;e;1.1760001182556152
Vehicle_17;9563895;53;10;e;1.128999948501587
Vehicle_17;9563895;54;10;e;1.128999948501587
Vehicle_17;9563895;55;10;e;1.187000036239624
Vehicle_17;9563895;56;10;e;1.187000036239624
Vehicle_17;9563895;57;10;e;1.187000036239624
Vehicle_17;9563895;58;10;ed;1.187000036239624
Vehicle_17;9563895;59;10;ed;1.187000036239624
Vehicle_17;9563895;60;10;e;1.187000036239624
Vehicle_17;9563895;61;10;e;1.187000036239624
Vehicle_17;9563895;62;10;ed;1.187000036239624
Vehicle_17;9563895;63;10;ed;1.187000036239624
Vehicle_17;9563895;64;10;ed;1.1200001239776611
Vehicle_17;9563895;65;10;e;1.1200001239776611
Vehicle_17;9563895;66;10;e;1.1200001239776611
Vehicle_17;9563895;67;10;e;1.1200001239776611
Vehicle_17;9563895;68;10;e;1.1200001239776611
Vehicle_17;9563895;69;10;e;1.1200001239776611
Vehicle_17;9563895;70;10;e;1.1200001239776611
Vehicle_17;9563895;71;10;e;1.1200001239776611
Vehicle_17;9563895;72;10;e;1.1200001239776611
Vehicle_17;9563895;73;10;e;1.0399999618530273
Vehicle_17;9563895;74;10;e;1.0279998779296875
Vehicle_17;9563895;75;10;ede;1.0279998779296875
Vehicle_17;9563895;76;10;eded;1.0279998779296875
Vehicle_17;9563895;77;10;eded;1.0279998779296875
Vehicle_17;9563895;78;10;eded;1.0279998779296875
Vehicle_17;9563895;79;10;ede;1.1949999332427979
Vehicle_17;9563895;80;10;e;1.1949999332427979
Vehicle_17;9563895;81;10;ed;1.1949999332427979
Vehicle_17;9563895;82;10;ede;1.1949999332427979
Vehicle_17;9563895;83;10;ede;1.1949999332427979
Vehicle_17;9563895;84;10;ede;1.1949999332427979
Vehicle_17;9563895;85;10;ede;1.2029998302459717
Vehicle_17;9563895;86;10;ede;1.2029998302459717
Vehicle_17;9563895;87;10;eded;1.2029998302459717
Vehicle_17;9563895;88;10;ede;1.2029998302459717
Vehicle_17;9563895;89;10;ed;1.2029998302459717
Vehicle_17;9563895;90;10;e;1.2029998302459717
Vehicle_17;9563895;91;10;e;1.2029998302459717
Vehicle_17;9563895;92;10;e;1.2029998302459717
Vehicle_17;9563895;93;10;e;1.2029998302459717
Vehicle_17;9563895;94;10;e;1.1970000267028809
Vehicle_17;9563895;95;10;e;1.1970000267028809
Vehicle_17;9563895;96;10;e;1.1989998817443848
Vehicle_17;9563895;97;10;e;1.1989998817443848
Vehicle_17;9563895;98;10;e;1.1989998817443848
Vehicle_17;9563895;99;10;e;1.1989998817443848
Vehicle_17;9563895;100;10;e;1.1989998817443848
Vehicle_17;9563895;101;10;e;1.1989998817443848
Vehicle_17;9563895;102;10;e;1.1989998817443848
Vehicle_17;9563895;103;10;e;1.1989998817443848
Vehicle_17;9563895;104;10;e;1.1989998817443848
Vehicle_17;9563895;105;10;e;1.1989998817443848
Vehicle_17;9563895;106;10;e;1.1989998817443848
Vehicle_17;9563895;107;10;e;1.1989998817443848
Vehicle_17;9563895;108;10;e;2.819999933242798
Vehicle_17;9563895;109;10;e;2.819999933242798
Vehicle_17;9563895;110;10;e;2.819999933242798
Vehicle_17;9563895;111;10;ede;2.819999933242798
Vehicle_17;9563895;112;10;ede;2.819999933242798
Vehicle_17;9563895;113;10;e;2.819999933242798
Vehicle_17;9563895;114;10;e;2.819999933242798
Vehicle_17;9563895;115;10;e;2.819999933242798
Vehicle_17;9563895;116;10;e;2.819999933242798
Vehicle_17;9563895;117;10;e;1.3380000591278076
Vehicle_17;9563895;118;10;e;1.3380000591278076
Vehicle_17;9563895;119;10;ed;1.3380000591278076
Vehicle_17;9563895;120;10;eded;1.3380000591278076
Vehicle_17;9563895;121;10;ede;1.3380000591278076
Vehicle_17;9563895;122;10;e;1.3380000591278076
Vehicle_17;9563895;123;10;ede;1.3380000591278076
Vehicle_17;9563895;124;10;e;1.2020001411437988
Vehicle_17;9563895;125;10;e;1.2020001411437988
Vehicle_17;9563895;126;10;ede;1.2020001411437988
Vehicle_17;9563895;127;10;ede;1.2020001411437988
Vehicle_17;9563895;128;10;e;1.2020001411437988
Vehicle_17;9563895;129;10;ede;1.2020001411437988
Vehicle_17;9563895;130;10;eded;1.2020001411437988
Vehicle_17;9563895;131;10;eded;1.0439999103546143
Vehicle_17;9563895;132;10;e;1.1159999370574951
Vehicle_17;9563895;133;10;e;1.1159999370574951
Vehicle_17;9563895;134;10;e;1.1159999370574951
Vehicle_17;9563895;135;10;e;2.071000099182129
Vehicle_17;9563895;136;10;e;2.071000099182129
Vehicle_17;9563895;137;10;ed;2.071000099182129
Vehicle_17;9563895;138;10;ed;2.071000099182129
Vehicle_17;9563895;139;10;ed;2.071000099182129
Vehicle_17;9563895;140;10;e;2.071000099182129
Vehicle_17;9563895;141;10;e;2.071000099182129
Vehicle_17;9563895;142;10;e;2.071000099182129
Vehicle_17;9563895;143;10;e;2.071000099182129
Vehicle_17;9563895;144;10;e;2.0390000343322754
Vehicle_17;9563895;145;10;e;2.0390000343322754
Vehicle_17;9563895;146;10;e;1.0440001487731934
Vehicle_17;9563895;147;10;e;1.2000000476837158
Vehicle_17;9563895;148;10;edede;1.2000000476837158
Vehicle_17;9563895;149;10;edede;1.2000000476837158
Vehicle_17;9563895;150;10;edede;1.2000000476837158
Vehicle_17;9563895;151;10;edede;1.2000000476837158
Vehicle_17;9563895;152;10;edede;1.2020001411437988
Vehicle_17;9563895;153;10;e;1.2020001411437988
Vehicle_17;9563895;154;10;e;1.2020001411437988
Vehicle_17;9563895;155;10;e;1.2020001411437988
Vehicle_17;9563895;156;10;e;2.056999921798706
Vehicle_17;9563895;157;10;e;2.056999921798706
Vehicle_17;9563895;158;10;ed;2.056999921798706
Vehicle_17;9563895;159;10;ed;2.056999921798706
Vehicle_17;9563895;160;10;e;2.056999921798706
Vehicle_17;9563895;161;10;e;2.056999921798706
Vehicle_17;9563895;162;10;e;2.056999921798706
Vehicle_17;9563895;163;10;e;2.056999921798706
Vehicle_17;9563895;164;10;e;2.056999921798706
Vehicle_17;9563895;165;10;e;1.0410001277923584
Vehicle_17;9563895;166;10;e;1.0290000438690186
Vehicle_17;9563895;167;10;e;1.0290000438690186
Vehicle_17;9563895;168;10;e;2.067000150680542
Vehicle_17;9563895;169;10;e;2.067000150680542
Vehicle_17;9563895;170;10;e;2.067000150680542
Vehicle_17;9563895;171;10;ed;2.067000150680542
Vehicle_17;9563895;172;10;eded;2.067000150680542
Vehicle_17;9563895;173;10;ede;2.067000150680542
Vehicle_17;9563895;174;10;ede;2.067000150680542
Vehicle_17;9563895;175;10;ede;2.067000150680542
Vehicle_17;9563895;176;10;ed;2.067000150680542
Vehicle_17;9563895;177;10;ed;1.0230000019073486
Vehicle_17;9563895;178;10;e;1.1979999542236328
Vehicle_17;9563895;179;10;e;1.1979999542236328
Vehicle_17;9563895;180;10;e;1.1979999542236328
Vehicle_17;9563895;181;10;ede;1.2189998626708984
Vehicle_17;9563895;182;10;e;1.2189998626708984
Vehicle_17;9563895;183;10;e;1.2189998626708984
Vehicle_17;9563895;184;10;ede;1.2189998626708984
Vehicle_17;9563895;185;10;e;1.2189998626708984
Vehicle_17;9563895;186;10;e;1.2189998626708984
Vehicle_17;9563895;187;10;e;1.2189998626708984
Vehicle_17;9563895;188;10;e;1.2189998626708984
Vehicle_17;9563895;189;10;e;1.2189998626708984
Vehicle_17;9563895;190;10;e;1.194000005722046
Vehicle_17;9563895;191;10;ed;1.194000005722046
Vehicle_17;9563895;192;10;ed;1.194000005722046
Vehicle_17;9563895;193;10;e;1.194000005722046
Vehicle_17;9563895;194;10;e;1.194000005722046
Vehicle_17;9563895;195;10;e;1.059999942779541
Vehicle_17;9563895;196;10;e;1.059999942779541
Vehicle_17;9563895;197;10;e;1.059999942779541
Vehicle_17;9563895;198;10;ede;1.0230000019073486
Vehicle_17;9563895;199;10;e;1.1959998607635498
Vehicle_17;9563895;200;10;e;1.1959998607635498
Vehicle_17;9563895;201;10;e;1.1959998607635498
Vehicle_17;9563895;202;10;e;1.1959998607635498
Vehicle_17;9563895;203;10;e;1.1959998607635498
Vehicle_17;9563895;204;10;e;1.1959998607635498
Vehicle_17;9563895;205;10;ede;1.1959998607635498
Vehicle_17;9563895;206;10;ede;1.1959998607635498
Vehicle_17;9563895;207;10;eded;1.1959998607635498
Vehicle_17;9563895;208;10;ede;1.1929998397827148
Vehicle_17;9563895;209;10;ede;1.1929998397827148
Vehicle_17;9563895;210;10;e;1.1929998397827148
Vehicle_17;9563895;211;10;e;1.1929998397827148
Vehicle_17;9563895;212;10;e;1.1929998397827148
Vehicle_17;9563895;213;10;e;1.1929998397827148
Vehicle_17;9563895;214;10;ede;1.0440001487731934
Vehicle_17;9563895;215;10;edede;1.0440001487731934
Vehicle_17;9563895;216;10;ed;1.0440001487731934
Vehicle_17;9563895;217;10;e;1.0440001487731934
Vehicle_17;9563895;218;10;ed;1.0250000953674316
Vehicle_17;9563895;219;10;ede;1.0250000953674316
Vehicle_17;9563895;220;10;ede;1.0250000953674316
Vehicle_17;9563895;221;10;ede;1.0250000953674316
Vehicle_17;9563895;222;10;ede;1.193000078201294
Vehicle_17;9563895;223;10;ede;1.193000078201294
Vehicle_17;9563895;224;10;ede;1.193000078201294
Vehicle_17;9563895;225;10;ed;1.193000078201294
Vehicle_17;9563895;226;10;ed;1.193000078201294
Vehicle_17;9563895;227;10;ed;1.193000078201294
Vehicle_17;9563895;228;10;e;1.193000078201294
Vehicle_17;9563895;229;10;e;1.196000099182129
Vehicle_17;9563895;230;10;e;1.196000099182129
Vehicle_17;9563895;231;10;ede;1.196000099182129
Vehicle_17;9563895;232;10;e;1.196000099182129
Vehicle_17;9563895;233;10;e;1.196000099182129
Vehicle_17;9563895;234;10;e;1.196000099182129
Vehicle_17;9563895;235;10;e;1.196000099182129
Vehicle_17;9563895;236;10;e;1.196000099182129
Vehicle_17;9563895;237;10;e;1.196000099182129
Vehicle_17;9563895;238;10;b2;1.0220000743865967
Vehicle_17;9563895;239;10;e;1.0240001678466797
Vehicle_17;9563895;240;10;e;1.0240001678466797
Vehicle_17;9563895;241;10;e;1.0240001678466797
Vehicle_17;9563895;242;10;e;1.0379998683929443
Vehicle_17;9563895;243;10;e;1.0379998683929443
Vehicle_17;9563895;244;10;ede;1.1779999732971191
Vehicle_17;9563895;245;10;e;1.1779999732971191
Vehicle_17;9563895;246;10;e;1.1779999732971191
Vehicle_17;9563895;247;10;e;1.1779999732971191
Vehicle_17;9563895;248;10;ed;1.1779999732971191
Vehicle_17;9563895;249;10;ede;1.2030000686645508
Vehicle_17;9563895;250;10;ed;1.2030000686645508
Vehicle_17;9563895;251;10;ed;1.2030000686645508
Vehicle_17;9563895;252;10;e;1.2030000686645508
Vehicle_17;9563895;253;10;ede;1.2030000686645508
Vehicle_17;9563895;254;10;ede;1.2030000686645508
Vehicle_17;9563895;255;10;ede;1.2030000686645508
Vehicle_17;9563895;256;10;ede;1.2030000686645508
Vehicle_17;9563895;257;10;ede;1.2030000686645508
Vehicle_17;9563895;258;10;e;1.1979999542236328
Vehicle_17;9563895;259;10;e;1.1979999542236328
Vehicle_17;9563895;260;10;e;1.068000078201294
Vehicle_17;9563895;261;10;e;1.069000005722046
Vehicle_17;9563895;262;10;e;1.069000005722046
Vehicle_17;9563895;263;10;e;1.069000005722046
Vehicle_17;9563895;264;10;e;1.069000005722046
Vehicle_17;9563895;265;10;ede;1.069000005722046
Vehicle_17;9563895;266;10;ededed;1.069000005722046
Vehicle_17;9563895;267;10;ede;1.069000005722046
Vehicle_17;9563895;268;10;ede;1.2009999752044678
Vehicle_17;9563895;269;10;ede;1.2009999752044678
Vehicle_17;9563895;270;10;ed;1.2009999752044678
Vehicle_17;9563895;271;10;e;1.2009999752044678
Vehicle_17;9563895;272;10;e;1.2009999752044678
Vehicle_17;9563895;273;10;e;1.2009999752044678
Vehicle_17;9563895;274;10;e;1.2009999752044678
Vehicle_17;9563895;275;10;ede;1.2009999752044678
Vehicle_17;9563895;276;10;eded;1.2009999752044678
Vehicle_17;9563895;277;10;eded;1.0290000438690186
Vehicle_17;9563895;278;10;eded;1.0290000438690186
Vehicle_17;9563895;279;10;ede;1.0290000438690186
Vehicle_17;9563895;280;10;e;1.0290000438690186
Vehicle_17;9563895;281;10;e;1.0290000438690186
Vehicle_17;9563895;282;10;e;1.0240001678466797
Vehicle_17;9563895;283;10;e;1.0260000228881836
Vehicle_17;9563895;284;10;e;1.0260000228881836
Vehicle_17;9563895;285;10;ede;1.0260000228881836
Vehicle_17;9563895;286;10;ede;1.0260000228881836
Vehicle_17;9563895;287;10;ede;1.0260000228881836
Vehicle_17;9563895;288;10;e;1.0260000228881836
Vehicle_17;9563895;289;10;e;1.0260000228881836
Vehicle_17;9563895;290;10;e;1.0260000228881836
Vehicle_17;9563895;291;10;e;1.0260000228881836
Vehicle_17;9563895;292;10;ed;1.0239999294281006
Vehicle_17;9563895;293;10;ed;1.0249998569488525
Vehicle_17;9563895;294;10;e;1.0249998569488525
Vehicle_17;9563895;295;10;e;1.0249998569488525
Vehicle_17;9563895;296;10;e;1.0249998569488525
Vehicle_17;9563895;297;10;e;1.0440001487731934
Vehicle_17;9563895;298;10;e;1.0440001487731934
Vehicle_17;9563895;299;10;e;1.0440001487731934
Vehicle_17;9563895;300;10;ede;1.0440001487731934
Vehicle_17;9563895;301;10;e;1.0440001487731934
Vehicle_17;9563895;302;10;e;1.0440001487731934
Vehicle_17;9563895;303;10;e;1.2179999351501465
Vehicle_17;9563895;304;10;e;1.2179999351501465
Vehicle_17;9563895;305;10;e;1.2179999351501465
Vehicle_17;9563895;306;10;e;1.2179999351501465
Vehicle_17;9563895;307;10;ed;1.2179999351501465
Vehicle_17;9563895;308;10;ede;1.2179999351501465
Vehicle_17;9563895;309;10;ede;1.2179999351501465
Vehicle_17;9563895;310;10;ede;1.2179999351501465
Vehicle_17;9563895;311;10;ede;1.2179999351501465
Vehicle_17;9563895;312;10;ede;1.1979999542236328
Vehicle_17;9563895;313;10;eded;1.1979999542236328
Vehicle_17;9563895;314;10;ede;1.1979999542236328
Vehicle_17;9563895;315;10;eded;1.1979999542236328
Vehicle_17;9563895;316;10;ede;1.1979999542236328
Vehicle_17;9563895;317;10;eded;1.1979999542236328
Vehicle_17;9563895;318;10;eded;1.2809998989105225
Vehicle_17;9563895;319;10;ede;1.2809998989105225
Vehicle_17;9563895;320;10;eded;1.2809998989105225
Vehicle_17;9563895;321;10;ede;1.2809998989105225
Vehicle_17;9563895;322;10;ede;1.2809998989105225
Vehicle_17;9563895;323;10;e;1.2809998989105225
Vehicle_17;9563895;324;10;e;1.2809998989105225
Vehicle_17;9563895;325;10;e;1.2809998989105225
Vehicle_17;9563895;326;10;e;1.2809998989105225
Vehicle_17;9563895;327;10;ede;1.2000000476837158
Vehicle_17;9563895;328;10;ede;1.2000000476837158
Vehicle_17;9563895;329;10;e;1.1110000610351562
Vehicle_17;9563895;330;10;e;1.1110000610351562
Vehicle_17;9563895;331;10;e;1.1089999675750732
Vehicle_17;9563895;332;10;e;1.1089999675750732
Vehicle_17;9563895;333;10;e;1.1089999675750732
Vehicle_17;9563895;334;10;e;1.1089999675750732
Vehicle_17;9563895;335;10;e;1.1089999675750732
Vehicle_17;9563895;336;10;e;1.1089999675750732
Vehicle_17;9563895;337;10;ede;1.1089999675750732
Vehicle_17;9563895;338;10;e;1.1089999675750732
Vehicle_17;9563895;339;10;e;1.1089999675750732
Vehicle_17;9563895;340;10;e;1.055999994277954
Vehicle_17;9563895;341;10;e;1.055999994277954
Vehicle_17;9563895;342;10;e;1.0570001602172852
Vehicle_17;9563895;343;10;e;1.1599998474121094
Vehicle_17;9563895;344;10;e;1.1599998474121094
Vehicle_17;9563895;345;10;e;1.1599998474121094
Vehicle_17;9563895;346;10;e;1.1599998474121094
Vehicle_17;9563895;347;10;e;1.1599998474121094
Vehicle_17;9563895;348;10;e;1.1599998474121094
Vehicle_17;9563895;349;10;e;1.1599998474121094
Vehicle_17;9563895;350;10;e;1.1599998474121094
Vehicle_17;9563895;351;10;e;1.1599998474121094
Vehicle_17;9563895;352;10;ede;1.128999948501587
Vehicle_17;9563895;353;10;ede;1.128999948501587
Vehicle_17;9563895;354;10;ede;1.128999948501587
Vehicle_17;9563895;355;10;e;1.128999948501587
Vehicle_17;9563895;356;10;e;1.128999948501587
Vehicle_17;9563895;357;10;e;1.128999948501587
Vehicle_17;9563895;358;10;e;1.128999948501587
Vehicle_17;9563895;359;10;e;1.1019999980926514
Vehicle_17;9563895;360;10;e;1.1019999980926514
Vehicle_17;9563895;361;10;e;1.1019999980926514
Vehicle_17;9563895;362;10;e;1.1009998321533203
Vehicle_17;9563895;363;10;e;1.1100001335144043
Vehicle_17;9563895;364;10;e;1.1100001335144043
Vehicle_17;9563895;365;10;e;1.2189998626708984
Vehicle_17;9563895;366;10;ede;1.2189998626708984
Vehicle_17;9563895;367;10;e;27.903000116348267
Vehicle_17;9563895;368;10;e;27.903000116348267
Vehicle_17;9563895;369;10;e8;27.903000116348267
Vehicle_17;9563895;370;10;e;27.903000116348267
Vehicle_17;9563895;371;10;e;27.903000116348267
Vehicle_17;9563895;372;10;e;27.903000116348267
Vehicle_17;9563895;373;10;e;27.903000116348267
Vehicle_17;9563895;374;10;e;27.903000116348267
Vehicle_17;9563895;375;10;e;27.903000116348267
Vehicle_17;9563895;376;10;ede;1.2369999885559082
Vehicle_17;9563895;377;10;edede;1.194000005722046
Vehicle_17;9563895;378;10;eded;1.194000005722046
Vehicle_17;9563895;379;10;ede;1.194000005722046
Vehicle_17;9563895;380;10;e;1.194000005722046
Vehicle_17;9563895;381;10;e;1.2089998722076416
Vehicle_17;9563895;382;10;e;1.2089998722076416
Vehicle_17;9563895;383;10;ed;1.2089998722076416
Vehicle_17;9563895;384;10;ed;1.2089998722076416
Vehicle_17;9563895;385;10;e;1.2220001220703125
Vehicle_17;9563895;386;10;e;1.2220001220703125
Vehicle_17;9563895;387;10;e;1.2220001220703125
Vehicle_17;9563895;388;10;e;1.6620001792907715
Vehicle_17;9563895;389;10;e;1.6620001792907715
Vehicle_17;9563895;390;10;e;1.6620001792907715
Vehicle_17;9563895;391;10;e;1.6620001792907715
Vehicle_17;9563895;392;10;ede;1.6620001792907715
Vehicle_17;9563895;393;10;ede;1.6620001792907715
Vehicle_17;9563895;394;10;eded;1.6620001792907715
Vehicle_17;9563895;395;10;ede;1.6620001792907715
Vehicle_17;9563895;396;10;ede;1.6620001792907715
Vehicle_17;9563895;397;10;ede;1.2430000305175781
Vehicle_17;9563895;398;10;ede;1.2430000305175781
Vehicle_17;9563895;399;10;ede;1.1899998188018799
Vehicle_17;9563895;400;10;ed;1.1899998188018799
Vehicle_17;9563895;401;10;ede;1.0759999752044678
Vehicle_17;9563895;402;10;ede;1.13100004196167
Vehicle_17;9563895;403;10;e;1.13100004196167
Vehicle_17;9563895;404;10;e;1.13100004196167
Vehicle_17;9563895;405;10;e;1.13100004196167
Vehicle_17;9563895;406;10;e;1.13100004196167
Vehicle_17;9563895;407;10;e;1.13100004196167
Vehicle_17;9563895;408;10;e;1.13100004196167
Vehicle_17;9563895;409;10;e;1.13100004196167
Vehicle_17;9563895;410;10;e;1.13100004196167
Vehicle_17;9563895;411;10;e;1.0970001220703125
Vehicle_17;9563895;412;10;ede;1.0970001220703125
Vehicle_17;9563895;413;10;e;1.0970001220703125
Vehicle_17;9563895;414;10;e;1.0970001220703125
Vehicle_17;9563895;415;10;e;1.0970001220703125
Vehicle_17;9563895;416;10;e;1.1160001754760742
Vehicle_17;9563895;417;10;ed;1.1160001754760742
Vehicle_17;9563895;418;10;ed;1.2330000400543213
Vehicle_17;9563895;419;10;e;1.2330000400543213
Vehicle_17;9563895;420;10;e;1.2330000400543213
Vehicle_17;9563895;421;10;e;1.2330000400543213
Vehicle_17;9563895;422;10;e;1.2330000400543213
Vehicle_17;9563895;423;10;e;1.2330000400543213
Vehicle_17;9563895;424;10;ed;1.2330000400543213
Vehicle_17;9563895;425;10;ed;1.2330000400543213
Vehicle_17;9563895;426;10;ed;1.2330000400543213
Vehicle_17;9563895;427;10;e;1.128999948501587
Vehicle_17;9563895;428;10;ed;1.128999948501587
Vehicle_17;9563895;429;10;ed;1.128999948501587
Vehicle_17;9563895;430;10;ed;1.128999948501587
Vehicle_17;9563895;431;10;ed;1.128999948501587
Vehicle_17;9563895;432;10;e;1.128999948501587
Vehicle_17;9563895;433;10;e;1.128999948501587
Vehicle_17;9563895;434;10;ede;1.128999948501587
Vehicle_17;9563895;435;10;ed;1.1279997825622559
Vehicle_17;9563895;436;10;e;1.1279997825622559
Vehicle_17;9563895;437;10;e;1.1279997825622559
Vehicle_17;9563895;438;10;ed;1.1279997825622559
Vehicle_17;9563895;439;10;ed;1.5439999103546143
Vehicle_17;9563895;440;10;ed;1.5439999103546143
Vehicle_17;9563895;441;10;e;1.5439999103546143
Vehicle_17;9563895;442;10;ed;1.5439999103546143
Vehicle_17;9563895;443;10;ed;1.5439999103546143
Vehicle_17;9563895;444;10;ede;1.5439999103546143
Vehicle_17;9563895;445;10;ede;1.5439999103546143
Vehicle_17;9563895;446;10;ed;1.5439999103546143
Vehicle_17;9563895;447;10;ed;1.5439999103546143
Vehicle_17;9563895;448;10;ed;1.0850000381469727
Vehicle_17;9563895;449;10;e;1.1570000648498535
Vehicle_17;9563895;450;10;e;1.1570000648498535
Vehicle_17;9563895;451;10;ede;1.1570000648498535
Vehicle_17;9563895;452;10;e;1.1570000648498535
Vehicle_17;9563895;453;10;e;1.1570000648498535
Vehicle_17;9563895;454;10;ed;1.1570000648498535
Vehicle_17;9563895;455;10;eded;1.1570000648498535
Vehicle_17;9563895;456;10;edede;1.1570000648498535
Vehicle_17;9563895;457;10;e;1.2019999027252197
Vehicle_17;9563895;458;10;ede;1.2019999027252197
Vehicle_17;9563895;459;10;e;1.2019999027252197
Vehicle_17;9563895;460;10;e;1.2019999027252197
Vehicle_17;9563895;461;10;e;1.2019999027252197
Vehicle_17;9563895;462;10;e;1.2019999027252197
Vehicle_17;9563895;463;10;e;1.2019999027252197
Vehicle_17;9563895;464;10;ed;1.2019999027252197
Vehicle_17;9563895;465;10;ed;1.2019999027252197
Vehicle_17;9563895;466;10;e;1.0429999828338623
Vehicle_17;9563895;467;10;e;1.0429999828338623
Vehicle_17;9563895;468;10;e;1.0429999828338623
Vehicle_17;9563895;469;10;e;1.190999984741211
Vehicle_17;9563895;470;10;e;1.190999984741211
Vehicle_17;9563895;471;10;e;1.190999984741211
Vehicle_17;9563895;472;10;e;1.190999984741211
Vehicle_17;9563895;473;10;e;1.190999984741211
Vehicle_17;9563895;474;10;e;1.190999984741211
Vehicle_17;9563895;475;10;e;1.190999984741211
Vehicle_17;9563895;476;10;e;1.190999984741211
Vehicle_17;9563895;477;10;ed;1.190999984741211
Vehicle_17;9563895;478;10;ed;1.0520000457763672
Vehicle_17;9563895;479;10;ede;1.1989998817443848
Vehicle_17;9563895;480;10;ede;1.1989998817443848
Vehicle_17;9563895;481;10;ede;1.876999855041504
Vehicle_17;9563895;482;10;ed;1.876999855041504
Vehicle_17;9563895;483;10;ed;1.876999855041504
Vehicle_17;9563895;484;10;e;1.876999855041504
Vehicle_17;9563895;485;10;e;1.876999855041504
Vehicle_17;9563895;486;10;ed;1.876999855041504
Vehicle_17;9563895;487;10;ed;1.876999855041504
Vehicle_17;9563895;488;10;ed;1.876999855041504
Vehicle_17;9563895;489;10;e;1.876999855041504
Vehicle_17;9563895;490;10;e;1.3029999732971191
Vehicle_17;9563895;491;10;e;1.3029999732971191
Vehicle_17;9563895;492;10;e;1.3029999732971191
Vehicle_17;9563895;493;10;e;1.3029999732971191
Vehicle_17;9563895;494;10;ede;1.3029999732971191
Vehicle_17;9563895;495;10;ede;1.3029999732971191
Vehicle_17;9563895;496;10;ede;1.3029999732971191
Vehicle_17;9563895;497;10;ed;1.8589999675750732
Vehicle_17;9563895;498;10;ed;1.8589999675750732
Vehicle_17;9563895;499;10;e;1.8589999675750732
Vehicle_17;9563895;500;10;e;1.8589999675750732
Vehicle_17;9563895;501;10;e;1.8589999675750732
Vehicle_17;9563895;502;10;e;1.8589999675750732
Vehicle_17;9563895;503;10;ed;1.8589999675750732
Vehicle_17;9563895;504;10;ed;1.8589999675750732
Vehicle_17;9563895;505;10;ed;1.8589999675750732
Vehicle_17;9563895;506;10;e;1.1759998798370361
Vehicle_17;9563895;507;10;e;1.3330001831054688
Vehicle_17;9563895;508;10;e;1.3330001831054688
Vehicle_17;9563895;509;10;ed;1.3330001831054688
Vehicle_17;9563895;510;10;ed;1.3330001831054688
Vehicle_17;9563895;511;10;ed;1.3330001831054688
Vehicle_17;9563895;512;10;e;1.3330001831054688
Vehicle_17;9563895;513;10;e;1.3330001831054688
Vehicle_17;9563895;514;10;e;1.3330001831054688
Vehicle_17;9563895;515;10;e;1.3330001831054688
Vehicle_17;9563895;516;10;e;1.2239999771118164
Vehicle_17;9563895;517;10;e;1.2239999771118164
Vehicle_17;9563895;518;10;e;1.2239999771118164
Vehicle_17;9563895;519;10;ede;1.2239999771118164
Vehicle_17;9563895;520;10;e;2.8589999675750732
Vehicle_17;9563895;521;10;e;2.8589999675750732
Vehicle_17;9563895;522;10;e;2.8589999675750732
Vehicle_17;9563895;523;10;e;2.8589999675750732
Vehicle_17;9563895;524;10;e;2.8589999675750732
Vehicle_17;9563895;525;10;ed;2.8589999675750732
Vehicle_17;9563895;526;10;ed;2.8589999675750732
Vehicle_17;9563895;527;10;ed;2.8589999675750732
Vehicle_17;9563895;528;10;ed;2.8589999675750732
Vehicle_17;9563895;529;10;e;1.187999963760376
Vehicle_17;9563895;530;10;e;1.187999963760376
Vehicle_17;9563895;531;10;e;1.187999963760376
Vehicle_17;9563895;532;10;ede;1.187999963760376
Vehicle_17;9563895;533;10;edede;1.187999963760376
Vehicle_17;9563895;534;10;ed;1.2000000476837158
Vehicle_17;9563895;535;10;ed;1.2000000476837158
Vehicle_17;9563895;536;10;e;2.0429999828338623
Vehicle_17;9563895;537;10;ed;2.0429999828338623
Vehicle_17;9563895;538;10;eded;2.0429999828338623
Vehicle_17;9563895;539;10;e;2.0429999828338623
Vehicle_17;9563895;540;10;e;2.0429999828338623
Vehicle_17;9563895;541;10;e;2.0429999828338623
Vehicle_17;9563895;542;10;e;2.0429999828338623
Vehicle_17;9563895;543;10;e;2.0429999828338623
Vehicle_17;9563895;544;10;e;2.0429999828338623
Vehicle_17;9563895;545;10;e;1.1390001773834229
Vehicle_17;9563895;546;10;e;1.1390001773834229
Vehicle_17;9563895;547;10;e;1.1390001773834229
Vehicle_17;9563895;548;10;e;1.1390001773834229
Vehicle_17;9563895;549;10;e;1.1390001773834229
Vehicle_17;9563895;550;10;e;1.1390001773834229
Vehicle_17;9563895;551;10;e;1.6979999542236328
Vehicle_17;9563895;552;10;e;1.6979999542236328
Vehicle_17;9563895;553;10;e;2.257000207901001
Vehicle_17;9563895;554;10;eded;2.257000207901001
Vehicle_17;9563895;555;10;edede;2.257000207901001
Vehicle_17;9563895;556;10;eded;2.257000207901001
Vehicle_17;9563895;557;10;edede;2.257000207901001
Vehicle_17;9563895;558;10;edede;2.257000207901001
Vehicle_17;9563895;559;10;e;2.257000207901001
Vehicle_17;9563895;560;10;e;2.257000207901001
Vehicle_17;9563895;561;10;e;2.257000207901001
Vehicle_17;9563895;562;10;e;1.2599999904632568
Vehicle_17;9563895;563;10;e;1.2599999904632568
Vehicle_17;9563895;564;10;e;1.2599999904632568
Vehicle_17;9563895;565;10;e;1.2599999904632568
Vehicle_17;9563895;566;10;ed;1.2599999904632568
Vehicle_17;9563895;567;10;e;1.119999885559082
Vehicle_17;9563895;568;10;e;1.119999885559082
Vehicle_17;9563895;569;10;e;1.119999885559082
Vehicle_17;9563895;570;10;e;1.119999885559082
Vehicle_17;9563895;571;10;ed;1.119999885559082
Vehicle_17;9563895;572;10;ed;1.119999885559082
Vehicle_17;9563895;573;10;ed;1.119999885559082
Vehicle_17;9563895;574;10;ed;1.119999885559082
Vehicle_17;9563895;575;10;e;1.116999864578247
Vehicle_17;9563895;576;10;e;1.116999864578247
Vehicle_17;9563895;577;10;e;1.116999864578247
Vehicle_17;9563895;578;10;e;1.116999864578247
Vehicle_17;9563895;579;10;e;1.1590001583099365
Vehicle_17;9563895;580;10;e;1.1590001583099365
Vehicle_17;9563895;581;10;e8;1.1590001583099365
Vehicle_17;9563895;582;10;e84;1.1590001583099365
Vehicle_17;9563895;583;10;ede8;1.7349998950958252
Vehicle_17;9563895;584;10;ede84;1.7349998950958252
Vehicle_17;9563895;585;10;ede848;1.7349998950958252
Vehicle_17;9563895;586;10;e85a4;27.85699987411499
Vehicle_17;9563895;587;10;ededa4;27.85699987411499
Vehicle_17;9563895;588;10;ededa5e8;27.85699987411499
Vehicle_17;9563895;589;10;eda5e;27.85699987411499
Vehicle_17;9563895;590;10;eda5e;27.85699987411499
Vehicle_17;9563895;591;10;a4db;27.85699987411499
Vehicle_17;9563895;592;10;a1212;27.85699987411499
Vehicle_17;9563895;593;10;481;27.85699987411499
Vehicle_17;9563895;594;10;b2;27.85699987411499
Vehicle_17;9563895;595;10;e;7.022000074386597
Vehicle_17;9563895;596;10;ed;7.022000074386597
Vehicle_17;9563895;597;10;ed;7.022000074386597
Vehicle_17;9563895;598;10;ed;1.0780000686645508
Vehicle_17;9563895;599;10;e;1.0780000686645508
Vehicle_17;9563895;600;10;e;1.0780000686645508
Vehicle_17;9563895;601;10;e;1.6180000305175781
Vehicle_17;9563895;602;10;e;1.6180000305175781
Vehicle_17;9563895;603;10;ededede;1.6180000305175781
Vehicle_17;9563895;604;10;e;1.6180000305175781
Vehicle_17;9563895;605;10;e;1.6180000305175781
Vehicle_17;9563895;606;10;e;1.6180000305175781
Vehicle_17;9563895;607;10;e;1.6180000305175781
Vehicle_17;9563895;608;10;e;1.6180000305175781
Vehicle_17;9563895;609;10;e;1.6180000305175781
Vehicle_17;9563895;610;10;ed;1.2390000820159912
Vehicle_17;9563895;611;10;ed;1.2390000820159912
Vehicle_17;9563895;612;10;ed;1.2030000686645508
Vehicle_17;9563895;613;10;ed;1.2030000686645508
Vehicle_17;9563895;614;10;e;1.2030000686645508
Vehicle_17;9563895;615;10;e;1.068000078201294
Vehicle_17;9563895;616;10;e;1.2009999752044678
Vehicle_17;9563895;617;10;e;1.2009999752044678
Vehicle_17;9563895;618;10;ed;2.0389997959136963
Vehicle_17;9563895;619;10;ede;2.0389997959136963
Vehicle_17;9563895;620;10;ede;2.0389997959136963
Vehicle_17;9563895;621;10;ede;2.0389997959136963
Vehicle_17;9563895;622;10;eded;2.0389997959136963
Vehicle_17;9563895;623;10;ede;2.0389997959136963
Vehicle_17;9563895;624;10;ede;2.0389997959136963
Vehicle_17;9563895;625;10;e;2.0389997959136963
Vehicle_17;9563895;626;10;ed;2.0389997959136963
Vehicle_17;9563895;627;10;ed;1.2019999027252197
Vehicle_17;9563895;628;10;ed;1.2019999027252197
Vehicle_17;9563895;629;10;ed;1.2019999027252197
Vehicle_17;9563895;630;10;ed;1.2019999027252197
Vehicle_17;9563895;631;10;e;1.2019999027252197
Vehicle_17;9563895;632;10;ede;1.2019999027252197
Vehicle_17;9563895;633;10;ede;1.1019999980926514
Vehicle_17;9563895;634;10;ede;1.1019999980926514
Vehicle_17;9563895;635;10;ede;1.1019999980926514
Vehicle_17;9563895;636;10;ed;1.1019999980926514
Vehicle_17;9563895;637;10;ed;1.1019999980926514
Vehicle_17;9563895;638;10;ed;1.1700000762939453
Vehicle_17;9563895;639;10;ed;1.1700000762939453
Vehicle_17;9563895;640;10;ed;1.1700000762939453
Vehicle_17;9563895;641;10;e;1.1700000762939453
Vehicle_17;9563895;642;10;e;1.2020001411437988
Vehicle_17;9563895;643;10;e;1.2020001411437988
Vehicle_17;9563895;644;10;e;1.2020001411437988
Vehicle_17;9563895;645;10;e;1.2020001411437988
Vehicle_17;9563895;646;10;e;1.2020001411437988
Vehicle_17;9563895;647;10;e8;1.2020001411437988
Vehicle_17;9563895;648;10;e8;1.2020001411437988
Vehicle_17;9563895;649;10;e8;1.2020001411437988
Vehicle_17;9563895;650;10;e;1.2020001411437988
Vehicle_17;9563895;651;10;b2;1.2019999027252197
Vehicle_17;9563895;652;10;e;1.2019999027252197
Vehicle_17;9563895;653;10;e;1.2239999771118164
Vehicle_17;9563895;654;10;e;1.2239999771118164
Vehicle_17;9563895;655;10;e;1.2239999771118164
Vehicle_17;9563895;656;10;ed;1.2239999771118164
Vehicle_17;9563895;657;10;ede;1.2239999771118164
Vehicle_17;9563895;658;10;eded;1.2239999771118164
Vehicle_17;9563895;659;10;ede;1.2239999771118164
Vehicle_17;9563895;660;10;ede;1.2239999771118164
Vehicle_17;9563895;661;10;ede;1.2239999771118164
Vehicle_17;9563895;662;10;eded;1.1349999904632568
Vehicle_17;9563895;663;10;eded;1.1349999904632568
Vehicle_17;9563895;664;10;ede;1.1349999904632568
Vehicle_17;9563895;665;10;ede;1.1349999904632568
Vehicle_17;9563895;666;10;ede;1.1349999904632568
Vehicle_17;9563895;667;10;ede;1.1560001373291016
Vehicle_17;9563895;668;10;e;1.1560001373291016
Vehicle_17;9563895;669;10;e;1.1560001373291016
Vehicle_17;9563895;670;10;e;1.1560001373291016
Vehicle_17;9563895;671;10;ed;1.1560001373291016
Vehicle_17;9563895;672;10;ed;1.1560001373291016
Vehicle_17;9563895;673;10;ed;1.1560001373291016
Vehicle_17;9563895;674;10;e;1.1560001373291016
Vehicle_17;9563895;675;10;e;1.1560001373291016
Vehicle_17;9563895;676;10;e;1.3009998798370361
Vehicle_17;9563895;677;10;e;1.3009998798370361
Vehicle_17;9563895;678;10;edede;1.3009998798370361
Vehicle_17;9563895;679;10;eded;1.3009998798370361
Vehicle_17;9563895;680;10;edede;1.3009998798370361
Vehicle_17;9563895;681;10;edede;1.3009998798370361
Vehicle_17;9563895;682;10;ed;1.3009998798370361
Vehicle_17;9563895;683;10;ed;1.3009998798370361
Vehicle_17;9563895;684;10;e;1.3009998798370361
Vehicle_17;9563895;685;10;e;1.2750000953674316
Vehicle_17;9563895;686;10;e;1.2750000953674316
Vehicle_17;9563895;687;10;e;1.2750000953674316
Vehicle_17;9563895;688;10;eded;1.2750000953674316
Vehicle_17;9563895;689;10;eded;1.2630000114440918
Vehicle_17;9563895;690;10;e;1.2630000114440918
Vehicle_17;9563895;691;10;e;1.2630000114440918
Vehicle_17;9563895;692;10;e;1.2630000114440918
Vehicle_17;9563895;693;10;e;1.2630000114440918
Vehicle_17;9563895;694;10;e;1.2630000114440918
Vehicle_17;9563895;695;10;e;1.2630000114440918
Vehicle_17;9563895;696;10;e;1.2630000114440918
Vehicle_17;9563895;697;10;e;1.1380000114440918
Vehicle_17;9563895;698;10;e;1.1380000114440918
Vehicle_17;9563895;699;10;e;1.1380000114440918
Vehicle_17;9563895;700;10;e;1.125
Vehicle_17;9563895;701;10;e;1.125
Vehicle_17;9563895;702;10;e;1.125
Vehicle_17;9563895;703;10;e;1.1589999198913574
Vehicle_17;9563895;704;10;e;1.9620001316070557
Vehicle_17;9563895;705;10;e;1.9620001316070557
Vehicle_17;9563895;706;10;e;1.9620001316070557
Vehicle_17;9563895;707;10;e;1.9620001316070557
Vehicle_17;9563895;708;10;e;1.9620001316070557
Vehicle_17;9563895;709;10;e;1.9620001316070557
Vehicle_17;9563895;710;10;e;1.9620001316070557
Vehicle_17;9563895;711;10;e;1.9620001316070557
Vehicle_17;9563895;712;10;e;1.9620001316070557
Vehicle_17;9563895;713;10;e;1.2420001029968262
Vehicle_17;9563895;714;10;e;1.2420001029968262
Vehicle_17;9563895;715;10;e;1.2420001029968262
Vehicle_17;9563895;716;10;ede;1.2420001029968262
Vehicle_17;9563895;717;10;e;1.2420001029968262
Vehicle_17;9563895;718;10;e;1.2420001029968262
Vehicle_17;9563895;719;10;e;1.2420001029968262
Vehicle_17;9563895;720;10;e;1.0799999237060547
Vehicle_17;9563895;721;10;e;1.0799999237060547
Vehicle_17;9563895;722;10;e;1.0799999237060547
Vehicle_17;9563895;723;10;ede;1.0799999237060547
Vehicle_17;9563895;724;10;eded;1.0799999237060547
Vehicle_17;9563895;725;10;edede;1.0799999237060547
Vehicle_17;9563895;726;10;edede;1.0799999237060547
Vehicle_17;9563895;727;10;edede;1.055999994277954
Vehicle_17;9563895;728;10;eded;1.065999984741211
Vehicle_17;9563895;729;10;ede;1.065999984741211
Vehicle_17;9563895;730;10;e;1.0829999446868896
Vehicle_17;9563895;731;10;ede;1.0829999446868896
Vehicle_17;9563895;732;10;ed;1.0829999446868896
Vehicle_17;9563895;733;10;ed;1.0829999446868896
Vehicle_17;9563895;734;10;e;1.0829999446868896
Vehicle_17;9563895;735;10;e;1.0829999446868896
Vehicle_17;9563895;736;10;e;1.0829999446868896
Vehicle_17;9563895;737;10;e;1.0829999446868896
Vehicle_17;9563895;738;10;e;1.0829999446868896
Vehicle_17;9563895;739;10;e;1.0799999237060547
Vehicle_17;9563895;740;10;ede;1.0799999237060547
Vehicle_17;9563895;741;10;ede;1.0799999237060547
Vehicle_17;9563895;742;10;ede;1.0799999237060547
Vehicle_17;9563895;743;10;ede;1.0799999237060547
Vehicle_17;9563895;744;10;ede;1.2239999771118164
Vehicle_17;9563895;745;10;eded;1.2239999771118164
Vehicle_17;9563895;746;10;ede;1.2239999771118164
Vehicle_17;9563895;747;10;ede;1.2239999771118164
Vehicle_17;9563895;748;10;eded;1.2239999771118164
Vehicle_17;9563895;749;10;ede;1.2239999771118164
Vehicle_17;9563895;750;10;e;1.2259998321533203
Vehicle_17;9563895;751;10;e;1.2259998321533203
Vehicle_17;9563895;752;10;e;1.2259998321533203
Vehicle_17;9563895;753;10;ed;1.2259998321533203
Vehicle_17;9563895;754;10;ed;1.2259998321533203
Vehicle_17;9563895;755;10;ed;1.2259998321533203
Vehicle_17;9563895;756;10;ede;1.2259998321533203
Vehicle_17;9563895;757;10;ed;1.2259998321533203
Vehicle_17;9563895;758;10;ed;1.2259998321533203
Vehicle_17;9563895;759;10;ed;1.2079999446868896
Vehicle_17;9563895;760;10;e;1.2079999446868896
Vehicle_17;9563895;761;10;e;1.2079999446868896
Vehicle_17;9563895;762;10;e;1.2079999446868896
Vehicle_17;9563895;763;10;e;1.2079999446868896
Vehicle_17;9563895;764;10;e;1.2079999446868896
Vehicle_17;9563895;765;10;e;1.2079999446868896
Vehicle_17;9563895;766;10;e;1.2079999446868896
Vehicle_17;9563895;767;10;e;1.2079999446868896
Vehicle_17;9563895;768;10;e;1.0809998512268066
Vehicle_17;9563895;769;10;e;1.0809998512268066
Vehicle_17;9563895;770;10;e;1.0809998512268066
Vehicle_17;9563895;771;10;e;1.0809998512268066
Vehicle_17;9563895;772;10;e;1.0809998512268066
Vehicle_17;9563895;773;10;e;1.0809998512268066
Vehicle_17;9563895;774;10;e;1.2219998836517334
Vehicle_17;9563895;775;10;e;1.2219998836517334
Vehicle_17;9563895;776;10;e;1.2219998836517334
Vehicle_17;9563895;777;10;e;1.2219998836517334
Vehicle_17;9563895;778;10;e;1.2219998836517334
Vehicle_17;9563895;779;10;e;1.2219998836517334
Vehicle_17;9563895;780;10;eded;1.2219998836517334
Vehicle_17;9563895;781;10;ede;1.2219998836517334
Vehicle_17;9563895;782;10;ede;1.2219998836517334
Vehicle_17;9563895;783;10;edede;1.2120001316070557
Vehicle_17;9563895;784;10;ede;1.2120001316070557
Vehicle_17;9563895;785;10;e;1.2120001316070557
Vehicle_17;9563895;786;10;ed;1.2120001316070557
Vehicle_17;9563895;787;10;ed;1.2120001316070557
Vehicle_17;9563895;788;10;ede;1.0410001277923584
Vehicle_17;9563895;789;10;ed;1.0410001277923584
Vehicle_17;9563895;790;10;e;1.062999963760376
Vehicle_17;9563895;791;10;e;1.062999963760376
Vehicle_17;9563895;792;10;e;1.062999963760376
Vehicle_17;9563895;793;10;e;1.8610000610351562
Vehicle_17;9563895;794;10;e;1.8610000610351562
Vehicle_17;9563895;795;10;ede;2.322000026702881
Vehicle_17;9563895;796;10;e;2.322000026702881
Vehicle_17;9563895;797;10;e;2.322000026702881
Vehicle_17;9563895;798;10;e;2.322000026702881
Vehicle_17;9563895;799;10;e;2.322000026702881
Vehicle_17;9563895;800;10;e;2.322000026702881
Vehicle_17;9563895;801;10;e;2.322000026702881
Vehicle_17;9563895;802;10;e;2.322000026702881
Vehicle_17;9563895;803;10;ed;2.322000026702881
Vehicle_17;9563895;804;10;ed;1.2779998779296875
Vehicle_17;9563895;805;10;e;1.2779998779296875
Vehicle_17;9563895;806;10;e;1.2779998779296875
Vehicle_17;9563895;807;10;e;1.2779998779296875
Vehicle_17;9563895;808;10;e;1.2779998779296875
Vehicle_17;9563895;809;10;e;1.2779998779296875
Vehicle_17;9563895;810;10;e;1.2609999179840088
Vehicle_17;9563895;811;10;e;1.2609999179840088
Vehicle_17;9563895;812;10;ede;1.2609999179840088
Vehicle_17;9563895;813;10;ede;1.2609999179840088
Vehicle_17;9563895;814;10;e;1.2609999179840088
Vehicle_17;9563895;815;10;e;1.2609999179840088
Vehicle_17;9563895;816;10;ed;1.2609999179840088
Vehicle_17;9563895;817;10;ed;1.2609999179840088
Vehicle_17;9563895;818;10;ed;1.2609999179840088
Vehicle_17;9563895;819;10;ed;1.241999864578247
Vehicle_17;9563895;820;10;e;1.241999864578247
Vehicle_17;9563895;821;10;e;1.241999864578247
Vehicle_17;9563895;822;10;e;1.242999792098999
Vehicle_17;9563895;823;10;e;1.242999792098999
Vehicle_17;9563895;824;10;e;1.242999792098999
Vehicle_17;9563895;825;10;e;1.242999792098999
Vehicle_17;9563895;826;10;e;1.242999792098999
Vehicle_17;9563895;827;10;e;1.242999792098999
Vehicle_17;9563895;828;10;e;1.242999792098999
Vehicle_17;9563895;829;10;e;1.242999792098999
Vehicle_17;9563895;830;10;e;1.242999792098999
Vehicle_17;9563895;831;10;e;1.2170000076293945
Vehicle_17;9563895;832;10;e;1.2170000076293945
Vehicle_17;9563895;833;10;e;1.2170000076293945
Vehicle_17;9563895;834;10;e;1.0980000495910645
Vehicle_17;9563895;835;10;e;1.0980000495910645
Vehicle_17;9563895;836;10;e;1.1410000324249268
Vehicle_17;9563895;837;10;e;1.1410000324249268
Vehicle_17;9563895;838;10;e;1.1410000324249268
Vehicle_17;9563895;839;10;e;1.1410000324249268
Vehicle_17;9563895;840;10;e;1.1410000324249268
Vehicle_17;9563895;841;10;ede;1.1410000324249268
Vehicle_17;9563895;842;10;eded;1.1410000324249268
Vehicle_17;9563895;843;10;eded;1.1410000324249268
Vehicle_17;9563895;844;10;e;1.1410000324249268
Vehicle_17;9563895;845;10;e;1.1200001239776611
Vehicle_17;9563895;846;10;e;1.1200001239776611
Vehicle_17;9563895;847;10;e;1.1200001239776611
Vehicle_17;9563895;848;10;e;1.1200001239776611
Vehicle_17;9563895;849;10;eded;1.1200001239776611
Vehicle_17;9563895;850;10;ed;1.1200001239776611
Vehicle_17;9563895;851;10;e;1.1200001239776611
Vehicle_17;9563895;852;10;e;1.1160001754760742
Vehicle_17;9563895;853;10;ede;1.1160001754760742
Vehicle_17;9563895;854;10;ede;1.0839998722076416
Vehicle_17;9563895;855;10;e;1.0839998722076416
Vehicle_17;9563895;856;10;e;1.0839998722076416
Vehicle_17;9563895;857;10;ed;1.063999891281128
Vehicle_17;9563895;858;10;ed;1.063999891281128
Vehicle_17;9563895;859;10;ed;1.063999891281128
Vehicle_17;9563895;860;10;ede;1.0839998722076416
Vehicle_17;9563895;861;10;ede;1.0839998722076416
Vehicle_17;9563895;862;10;e;1.0839998722076416
Vehicle_17;9563895;863;10;e;1.0839998722076416
Vehicle_17;9563895;864;10;e;1.0839998722076416
Vehicle_17;9563895;865;10;ed;1.0839998722076416
Vehicle_17;9563895;866;10;ed;1.0839998722076416
Vehicle_17;9563895;867;10;ed;1.1159999370574951
Vehicle_17;9563895;868;10;ed;1.1159999370574951
Vehicle_17;9563895;869;10;e;1.1159999370574951
Vehicle_17;9563895;870;10;e;1.1159999370574951
Vehicle_17;9563895;871;10;e;1.1159999370574951
Vehicle_17;9563895;872;10;ed;1.1159999370574951
Vehicle_17;9563895;873;10;ed;1.2000000476837158
Vehicle_17;9563895;874;10;e;1.2000000476837158
Vehicle_17;9563895;875;10;ed;1.2000000476837158
Vehicle_17;9563895;876;10;ed;1.2000000476837158
Vehicle_17;9563895;877;10;ed;1.2000000476837158
Vehicle_17;9563895;878;10;ed;1.2000000476837158
Vehicle_17;9563895;879;10;ed;1.2000000476837158
Vehicle_17;9563895;880;10;e;1.2000000476837158
Vehicle_17;9563895;881;10;ed;1.2000000476837158
Vehicle_17;9563895;882;10;ed;1.0969998836517334
Vehicle_17;9563895;883;10;e;1.0969998836517334
Vehicle_17;9563895;884;10;e;1.0969998836517334
Vehicle_17;9563895;885;10;e;1.0969998836517334
Vehicle_17;9563895;886;10;e;1.0969998836517334
Vehicle_17;9563895;887;10;e;1.061000108718872
Vehicle_17;9563895;888;10;e;1.1400001049041748
Vehicle_17;9563895;889;10;e;1.1400001049041748
Vehicle_17;9563895;890;10;e;1.1400001049041748
Vehicle_17;9563895;891;10;e;1.1400001049041748
Vehicle_17;9563895;892;10;e;1.1400001049041748
Vehicle_17;9563895;893;10;ede;1.1400001049041748
Vehicle_17;9563895;894;10;ede;1.1400001049041748
Vehicle_17;9563895;895;10;ede;1.1400001049041748
Vehicle_17;9563895;896;10;ed;1.1610000133514404
Vehicle_17;9563895;897;10;e;1.1610000133514404
Vehicle_17;9563895;898;10;e;1.1610000133514404
Vehicle_17;9563895;899;10;e;1.1610000133514404
Vehicle_17;9563895;900;10;e;1.1610000133514404
Vehicle_17;9563895;901;10;e;1.1610000133514404
Vehicle_17;9563895;902;10;e;1.1610000133514404
Vehicle_17;9563895;903;10;e;1.2579998970031738
Vehicle_17;9563895;904;10;e;1.2579998970031738
Vehicle_17;9563895;905;10;e;1.2579998970031738
Vehicle_17;9563895;906;10;e;1.2579998970031738
Vehicle_17;9563895;907;10;e;1.2579998970031738
Vehicle_17;9563895;908;10;ed;1.2579998970031738
Vehicle_17;9563895;909;10;ed;1.2579998970031738
Vehicle_17;9563895;910;10;ed;1.2579998970031738
Vehicle_17;9563895;911;10;e;1.2579998970031738
Vehicle_17;9563895;912;10;e;1.2179999351501465
Vehicle_17;9563895;913;10;e;1.2179999351501465
Vehicle_17;9563895;914;10;e;1.2179999351501465
Vehicle_17;9563895;915;10;e;1.2179999351501465
Vehicle_17;9563895;916;10;e;1.2179999351501465
Vehicle_17;9563895;917;10;e;1.2179999351501465
Vehicle_17;9563895;918;10;e;1.2179999351501465
Vehicle_17;9563895;919;10;e;1.2179999351501465
Vehicle_17;9563895;920;10;ede;1.121000051498413
Vehicle_17;9563895;921;10;e;1.2590000629425049
Vehicle_17;9563895;922;10;e;1.2590000629425049
Vehicle_17;9563895;923;10;ed;1.2590000629425049
Vehicle_17;9563895;924;10;e;1.2590000629425049
Vehicle_17;9563895;925;10;e;1.301999807357788
Vehicle_17;9563895;926;10;e8;1.301999807357788
Vehicle_17;9563895;927;10;e8;1.301999807357788
Vehicle_17;9563895;928;10;e8;1.301999807357788
Vehicle_17;9563895;929;10;b2;1.301999807357788
Vehicle_17;9563895;930;10;b2;1.301999807357788
Vehicle_17;9563895;931;10;b2;1.301999807357788
Vehicle_17;9563895;932;10;b2;1.301999807357788
Vehicle_17;9563895;933;10;e;1.301999807357788
Vehicle_17;9563895;934;10;e;1.1389999389648438
Vehicle_17;9563895;935;10;e;1.1389999389648438
Vehicle_17;9563895;936;10;ed;1.1389999389648438
Vehicle_17;9563895;937;10;ed;1.1389999389648438
Vehicle_17;9563895;938;10;e;1.1389999389648438
Vehicle_17;9563895;939;10;e;1.1389999389648438
Vehicle_17;9563895;940;10;e;1.1389999389648438
Vehicle_17;9563895;941;10;e;1.1389999389648438
Vehicle_17;9563895;942;10;e;1.1380000114440918
Vehicle_17;9563895;943;10;ede;1.180999994277954
Vehicle_17;9563895;944;10;ede;1.180999994277954
Vehicle_17;9563895;945;10;e;1.180999994277954
Vehicle_17;9563895;946;10;e;1.180999994277954
Vehicle_17;9563895;947;10;e;1.2759997844696045
Vehicle_17;9563895;948;10;ede;1.2759997844696045
Vehicle_17;9563895;949;10;e;1.2759997844696045
Vehicle_17;9563895;950;10;e;1.2759997844696045
Vehicle_17;9563895;951;10;e;1.2759997844696045
Vehicle_17;9563895;952;10;e;1.2759997844696045
Vehicle_17;9563895;953;10;e;1.2759997844696045
Vehicle_17;9563895;954;10;e;1.2759997844696045
Vehicle_17;9563895;955;10;e;1.2759997844696045
Vehicle_17;9563895;956;10;ed;1.2179999351501465
Vehicle_17;9563895;957;10;ede;1.2179999351501465
Vehicle_17;9563895;958;10;eded;1.2179999351501465
Vehicle_17;9563895;959;10;eded;1.2179999351501465
Vehicle_17;9563895;960;10;eded;1.0989999771118164
Vehicle_17;9563895;961;10;ed;1.0989999771118164
Vehicle_17;9563895;962;10;ed;1.0989999771118164
Vehicle_17;9563895;963;10;e;1.0799999237060547
Vehicle_17;9563895;964;10;ed;1.1389999389648438
Vehicle_17;9563895;965;10;ede;1.1389999389648438
Vehicle_17;9563895;966;10;ede;1.1389999389648438
Vehicle_17;9563895;967;10;ede;1.1389999389648438
Vehicle_17;9563895;968;10;ede;1.1389999389648438
Vehicle_17;9563895;969;10;ed;1.1389999389648438
Vehicle_17;9563895;970;10;e;1.1389999389648438
Vehicle_17;9563895;971;10;e;1.1389999389648438
Vehicle_17;9563895;972;10;ed;1.1389999389648438
Vehicle_17;9563895;973;10;ed;1.0989999771118164
Vehicle_17;9563895;974;10;e;1.0989999771118164
Vehicle_17;9563895;975;10;e;1.0989999771118164
Vehicle_17;9563895;976;10;e;1.0989999771118164
Vehicle_17;9563895;977;10;ed;1.0989999771118164
Vehicle_17;9563895;978;10;ed;1.0989999771118164
Vehicle_17;9563895;979;10;edede;1.0780000686645508
Vehicle_17;9563895;980;10;eded;1.0989999771118164
Vehicle_17;9563895;981;10;ede;1.0989999771118164
Vehicle_17;9563895;982;10;ede;1.0989999771118164
Vehicle_17;9563895;983;10;ede;1.0989999771118164
Vehicle_17;9563895;984;10;ede;1.122999906539917
Vehicle_17;9563895;985;10;e;1.122999906539917
Vehicle_17;9563895;986;10;e;1.2430000305175781
Vehicle_17;9563895;987;10;e;1.2430000305175781
Vehicle_17;9563895;988;10;e;1.2430000305175781
Vehicle_17;9563895;989;10;ed;1.2430000305175781
Vehicle_17;9563895;990;10;ede;1.2430000305175781
Vehicle_17;9563895;991;10;eded;1.2430000305175781
Vehicle_17;9563895;992;10;ed;1.2430000305175781
Vehicle_17;9563895;993;10;e;1.2430000305175781
Vehicle_17;9563895;994;10;e;1.2430000305175781
Vehicle_17;9563895;995;10;e;1.1589999198913574
Vehicle_17;9563895;996;10;e;1.1589999198913574
Vehicle_17;9563895;997;10;ed;1.1589999198913574
Vehicle_17;9563895;998;10;ed;1.125
Vehicle_17;9563895;999;10;ed;1.125
Vehicle_17;9563895;1000;10;e;1.125
Vehicle_17;9563895;1001;10;e;1.125
Vehicle_17;9563895;1002;10;e;1.125
Vehicle_17;9563895;1003;10;e;1.125
Vehicle_17;9563895;1004;10;e;1.125
Vehicle_17;9563895;1005;10;edede;1.125
Vehicle_17;9563895;1006;10;ede;1.1180000305175781
Vehicle_17;9563895;1007;10;e;1.1180000305175781
Vehicle_17;9563895;1008;10;e;1.1180000305175781
Vehicle_17;9563895;1009;10;e;1.1200001239776611
Vehicle_17;9563895;1010;10;ede;1.1200001239776611
Vehicle_17;9563895;1011;10;eded;1.1200001239776611
Vehicle_17;9563895;1012;10;edede;1.2000000476837158
Vehicle_17;9563895;1013;10;edede;1.2000000476837158
Vehicle_17;9563895;1014;10;eded;1.2000000476837158
Vehicle_17;9563895;1015;10;ede;1.2000000476837158
Vehicle_17;9563895;1016;10;ede;1.2000000476837158
Vehicle_17;9563895;1017;10;ede;1.2000000476837158
Vehicle_17;9563895;1018;10;ede;1.2000000476837158
Vehicle_17;9563895;1019;10;eded;1.2000000476837158
Vehicle_17;9563895;1020;10;eded;1.9449999332427979
Vehicle_17;9563895;1021;10;ede;1.9449999332427979
Vehicle_17;9563895;1022;10;ede;1.9449999332427979
Vehicle_17;9563895;1023;10;ede;1.9449999332427979
Vehicle_17;9563895;1024;10;ede;1.9449999332427979
Vehicle_17;9563895;1025;10;ede;1.9449999332427979
Vehicle_17;9563895;1026;10;ede;1.9449999332427979
Vehicle_17;9563895;1027;10;eded;1.9449999332427979
Vehicle_17;9563895;1028;10;eded;1.9449999332427979
Vehicle_17;9563895;1029;10;eded;1.2779998779296875
Vehicle_17;9563895;1030;10;e;1.2779998779296875
Vehicle_17;9563895;1031;10;e;1.2779998779296875
Vehicle_17;9563895;1032;10;ed;1.2779998779296875
Vehicle_17;9563895;1033;10;ed;1.2779998779296875
Vehicle_17;9563895;1034;10;ed;1.2779998779296875
Vehicle_17;9563895;1035;10;ed;1.2779998779296875
Vehicle_17;9563895;1036;10;e;1.2779998779296875
Vehicle_17;9563895;1037;10;e;1.2779998779296875
Vehicle_17;9563895;1038;10;e;1.1599998474121094
Vehicle_17;9563895;1039;10;ed;1.1599998474121094
Vehicle_17;9563895;1040;10;eded;1.0989999771118164
Vehicle_17;9563895;1041;10;ede;1.0989999771118164
Vehicle_17;9563895;1042;10;e;1.0990002155303955
Vehicle_17;9563895;1043;10;ede;1.0990002155303955
Vehicle_17;9563895;1044;10;ede;1.2209999561309814
Vehicle_17;9563895;1045;10;ede;1.2209999561309814
Vehicle_17;9563895;1046;10;ede;1.2209999561309814
Vehicle_17;9563895;1047;10;eded;1.2209999561309814
Vehicle_17;9563895;1048;10;eded;1.2209999561309814
Vehicle_17;9563895;1049;10;eded;1.2209999561309814
Vehicle_17;9563895;1050;10;ede;1.2209999561309814
Vehicle_17;9563895;1051;10;e;1.2209999561309814
Vehicle_17;9563895;1052;10;e;1.2209999561309814
Vehicle_17;9563895;1053;10;e;1.0859999656677246
Vehicle_17;9563895;1054;10;e;1.0859999656677246
Vehicle_17;9563895;1055;10;ede;1.0859999656677246
Vehicle_17;9563895;1056;10;eded;1.0859999656677246
Vehicle_17;9563895;1057;10;edede;1.0570001602172852
Vehicle_17;9563895;1058;10;edede;1.0810000896453857
Vehicle_17;9563895;1059;10;edede;1.0810000896453857
Vehicle_17;9563895;1060;10;eded;1.0810000896453857
Vehicle_17;9563895;1061;10;ede;1.0810000896453857
Vehicle_17;9563895;1062;10;e;1.2390000820159912
Vehicle_17;9563895;1063;10;e;1.2390000820159912
Vehicle_17;9563895;1064;10;ed;1.2390000820159912
Vehicle_17;9563895;1065;10;ed;1.2390000820159912
Vehicle_17;9563895;1066;10;e;1.2390000820159912
Vehicle_17;9563895;1067;10;e;1.2390000820159912
Vehicle_17;9563895;1068;10;ed;1.2390000820159912
Vehicle_17;9563895;1069;10;ed;1.2390000820159912
Vehicle_17;9563895;1070;10;ed;1.2390000820159912
Vehicle_17;9563895;1071;10;e;1.121999979019165
Vehicle_17;9563895;1072;10;e;1.121999979019165
Vehicle_17;9563895;1073;10;e;1.121999979019165
Vehicle_17;9563895;1074;10;ed;1.121999979019165
Vehicle_17;9563895;1075;10;ede;1.121999979019165
Vehicle_17;9563895;1076;10;ede;1.121999979019165
Vehicle_17;9563895;1077;10;eded;1.121999979019165
Vehicle_17;9563895;1078;10;eded;1.0799999237060547
Vehicle_17;9563895;1079;10;edede;1.0799999237060547
Vehicle_17;9563895;1080;10;edede;1.1170001029968262
Vehicle_17;9563895;1081;10;edede;1.1170001029968262
Vehicle_17;9563895;1082;10;edede;1.1170001029968262
Vehicle_17;9563895;1083;10;edede;1.1170001029968262
Vehicle_17;9563895;1084;10;edede;1.1170001029968262
Vehicle_17;9563895;1085;10;eded;1.1170001029968262
Vehicle_17;9563895;1086;10;eded;1.1170001029968262
Vehicle_17;9563895;1087;10;ede;1.1170001029968262
Vehicle_17;9563895;1088;10;ede;1.1170001029968262
Vehicle_17;9563895;1089;10;e;1.2209999561309814
Vehicle_17;9563895;1090;10;e;1.2209999561309814
Vehicle_17;9563895;1091;10;e;1.2209999561309814
Vehicle_17;9563895;1092;10;ed;1.2209999561309814
Vehicle_17;9563895;1093;10;ed;1.2209999561309814
